url;dominio;nome
http://www.a2000.gov.br;a2000.gov.br;SERVICO FEDERAL DE PROCESSAMENTO DE DADOS - SERPRO
http://www.abc.gov.br;abc.gov.br;MINISTERIO DAS RELACOES EXTERIORES
http://www.abin.gov.br;abin.gov.br;AGENCIA BRASILEIRA DE INTELIGENCIA
http://www.abrasil.gov.br;abrasil.gov.br;MINISTERIO DO PLANEJAMENTO, ORCAMENTO E GESTAO
http://www.ac-jus.gov.br;ac-jus.gov.br;CONSELHO DA JUSTICA FEDERAL
http://www.ac.gov.br;ac.gov.br;SECRETARIA DE ESTADO DA GESTAO ADMINISTRATIVA - SG
http://www.acjus.gov.br;acjus.gov.br;CONSELHO DA JUSTICA FEDERAL
http://www.acraiz.gov.br;acraiz.gov.br;INSTITUTO NACIONAL DE TECNOLOGIA INFORMACAO - ITI
http://www.acre.gov.br;acre.gov.br;SECRETARIA DE ESTADO DA GESTAO ADMINISTRATIVA - SG
http://www.acs.gov.br;acs.gov.br;ALCANTARA CYCLONE SPACE - BINACIONAL
http://www.ada.gov.br;ada.gov.br;SUPERINTEDENCIA DO DENVOLVIMENTO DA AMAZONIA
http://www.adene.gov.br;adene.gov.br;AGENCIA DE DESENVOLVIMENTO DO NORDESTE
http://www.aeb.gov.br;aeb.gov.br;AGENCIA ESPACIAL BRASILEIRA
http://www.aeroportodebrasilia.gov.br;aeroportodebrasilia.gov.br;INFRAERO - EMPRESA BRASILEIRA DE INFRA-ESTRUTURA
http://www.aeroportodesalvador.gov.br;aeroportodesalvador.gov.br;INFRAERO - EMPRESA BRASILEIRA DE INFRA-ESTRUTURA
http://www.aeroportoindustria.gov.br;aeroportoindustria.gov.br;INFRAERO - EMPRESA BRASILEIRA DE INFRA-ESTRUTURA
http://www.aeroportoindustrial.gov.br;aeroportoindustrial.gov.br;INFRAERO - EMPRESA BRASILEIRA DE INFRA-ESTRUTURA
http://www.aeroshopping.gov.br;aeroshopping.gov.br;INFRAERO - EMPRESA BRASILEIRA DE INFRA-ESTRUTURA
http://www.agenciabrasil.gov.br;agenciabrasil.gov.br;EMPRESA BRASIL DE COMUNICACAO S.A. - EBC
http://www.agenciacamara.gov.br;agenciacamara.gov.br;CAMARA DOS DEPUTADOS
http://www.agespacial.gov.br;agespacial.gov.br;AGENCIA ESPACIAL BRASILEIRA
http://www.agricultura.gov.br;agricultura.gov.br;MINISTERIO DA AGRICULTURA E DO ABASTECIMENTO
http://www.agriculturafamiliar.gov.br;agriculturafamiliar.gov.br;MINISTERIO DO DESENVOLVIMENTO AGRARIO
http://www.agritempo.gov.br;agritempo.gov.br;EMPRESA BRASILEIRA DE PESQUISA AGROPECUARIA
http://www.agrolivre.gov.br;agrolivre.gov.br;EMPRESA BRASILEIRA DE PESQUISA AGROPECUARIA
http://www.agronet-pe.gov.br;agronet-pe.gov.br;ESCOLA AGROTECNICA FEDERAL DE BELO JARDIM
http://www.agronet.gov.br;agronet.gov.br;ESCOLA AGROTECNICA FEDERAL DE SAO JOAO EVANGELISTA
http://www.agu.gov.br;agu.gov.br;ADVOCACIA-GERAL DA UNIAO
http://www.ahimor.gov.br;ahimor.gov.br;ADMINISTRACAO DAS HIDROVIAS DA AMAZONIA ORIENTAL
http://www.ahinor.gov.br;ahinor.gov.br;ADMINISTRACAO DAS HIDROVIAS DO NORDESTE - AHINOR
http://www.ahipar.gov.br;ahipar.gov.br;AHIPAR ADMINISTRACAO DA HIDROVIA DO PARAGUAI
http://www.ahitar.gov.br;ahitar.gov.br;AHITAR - ADMINISTRACAO DAS HIDROVIAS DO TOCANTINS
http://www.ahrana.gov.br;ahrana.gov.br;ADIMINISTRACAO DA HIDROVIA DO PARANA-AHRANA
http://www.ahsfra.gov.br;ahsfra.gov.br;ADMINISTRACAO DA HIDROVIA DO SAO FRANCISCO
http://www.aids.gov.br;aids.gov.br;FUNDO NACIONAL DE SAUDE
http://www.al.gov.br;al.gov.br;FUNDACAO DE AMPARO A PESQUISA DO ESTADO DE ALAGOAS
http://www.aleam.gov.br;aleam.gov.br;ASSEMBLEIA LEGISLATIVA DO ESTADO DO AMAZONAS
http://www.alemg.gov.br;alemg.gov.br;ASSEMBLEIA LEGISLATIVA DE MINAS GERAIS
http://www.almg.gov.br;almg.gov.br;ASSEMBLEIA LEGISLATIVA DE MINAS GERAIS
http://www.altatv.gov.br;altatv.gov.br;CENTRO DE TECNOLOGIA DA INFORMACAO RENATO ARCHER
http://www.am.gov.br;am.gov.br;PRODAM PROCESSAMENTO DE DADOS AMAZONAS S.A
http://www.amapa.gov.br;amapa.gov.br;GOVERNO DO ESTADO DO AMAPA
http://www.amazonasenergia.gov.br;amazonasenergia.gov.br;CENTRAIS ELETRICAS DO NORTE DO BRASIL
http://www.amazonfund-bndes.gov.br;amazonfund-bndes.gov.br;BANCO NACIONAL DE DESENVOLVIMENTO ECONOMICO E SOCI
http://www.amazonfund.gov.br;amazonfund.gov.br;BANCO NACIONAL DE DESENVOLVIMENTO ECONOMICO E SOCI
http://www.amazoniafund.gov.br;amazoniafund.gov.br;BANCO NACIONAL DE DESENVOLVIMENTO ECONOMICO E SOCI
http://www.amazoniafundo-bndes.gov.br;amazoniafundo-bndes.gov.br;BANCO NACIONAL DE DESENVOLVIMENTO ECONOMICO E SOCI
http://www.amazoniafundo.gov.br;amazoniafundo.gov.br;BANCO NACIONAL DE DESENVOLVIMENTO ECONOMICO E SOCI
http://www.amazonianfund-bndes.gov.br;amazonianfund-bndes.gov.br;BANCO NACIONAL DE DESENVOLVIMENTO ECONOMICO E SOCI
http://www.amazonianfund.gov.br;amazonianfund.gov.br;BANCO NACIONAL DE DESENVOLVIMENTO ECONOMICO E SOCI
http://www.ambiente.gov.br;ambiente.gov.br;MINISTERIO DO MEIO AMBIENTE
http://www.an.gov.br;an.gov.br;ARQUIVO NACIONAL
http://www.ana.gov.br;ana.gov.br;AGENCIA NACIONAL DE AGUAS
http://www.anac.gov.br;anac.gov.br; AGENCIA NACIONAL DE AVIACAO CIVIL - ANAC
http://www.anapost.gov.br;anapost.gov.br;EMPRESA BRASILEIRA DE CORREIOS E TEL
http://www.anatel.gov.br;anatel.gov.br;AGENCIA NACIONAL DE TELECOMUNICACOES - ANATEL
http://www.ancine.gov.br;ancine.gov.br;AGENCIA NACIONAL DO CINEMA
http://www.aneel.gov.br;aneel.gov.br;ANEEL - AG
http://www.anp.gov.br;anp.gov.br;AGENCIA NACIONAL DO PETROLEO, GAS NATURAL E BIOCO.
http://www.ans-saude.gov.br;ans-saude.gov.br;AGENCIA NACIONAL DE SAUDE SUPLEMENTAR
http://www.ans.gov.br;ans.gov.br;AGENCIA NACIONAL DE SAUDE SUPLEMENTAR
http://www.anssaude.gov.br;anssaude.gov.br;AGENCIA NACIONAL DE SAUDE SUPLEMENTAR
http://www.antaq.gov.br;antaq.gov.br;AGENCIA NACIONAL DE TRANSPORTES AQUAVIARIOS
http://www.antt.gov.br;antt.gov.br;AGENCIA NACIONAL DE TRANSPORTES TERRESTRES
http://www.anvisa.gov.br;anvisa.gov.br;AGENCIA NACIONAL DE VIGILANCIA SANITARIA
http://www.anvs.gov.br;anvs.gov.br;AGENCIA NACIONAL DE VIGILANCIA SANITARIA
http://www.ap.gov.br;ap.gov.br;GOVERNO DO ESTADO DO AMAPA
http://www.apec.gov.br;apec.gov.br;FUNDACAO NACIONAL DE SAUDE
http://www.apo.gov.br;apo.gov.br;AUTORIDADE PUBLICA OLIMPICA
http://www.apostasurpresa.gov.br;apostasurpresa.gov.br;CAIXA ECONOMICA FEDERAL
http://www.aprendendoaexportar.gov.br;aprendendoaexportar.gov.br;MINISTERIO DO DESENVOLVIMENTO INDUSTRIA E COMERCIO
http://www.arquivonacional.gov.br;arquivonacional.gov.br;ARQUIVO NACIONAL
http://www.assistenciasocial.gov.br;assistenciasocial.gov.br;DTI/SE/MDS E COMBATE A FOME
http://www.avancabrasil.gov.br;avancabrasil.gov.br;MINISTERIO DO PLANEJAMENTO, ORCAMENTO E GESTAO
http://www.aviacaocivil.gov.br;aviacaocivil.gov.br;SECRETARIA DE AVIACAO CIVIL
http://www.abcd.gov.br;abcd.gov.br;MINISTERIO DO ESPORTE
http://www.abcnaidadecerta.gov.br;abcnaidadecerta.gov.br;MIN. DA EDUCACAO - DIR. TECNOLOGIA DA INFORMACAO
http://www.acessoajustica.gov.br;acessoajustica.gov.br;MINISTERIO DA JUSTICA
http://www.atlasdeacessoajustica.gov.br;atlasdeacessoajustica.gov.br;MINISTERIO DA JUSTICA
http://www.abgf.gov.br;abgf.gov.br;AGENCIA BRASILEIRA G. DE F. G. E GARANTIAS S/A
http://www.acessoainformacao.gov.br;acessoainformacao.gov.br;CONTROLADORIA-GERAL DA UNIAO
http://www.acessoainformacao.gov.br;acessoainformacao.gov.br;CONTROLADORIA-GERAL DA UNIAO
http://www.ahimoc.gov.br;ahimoc.gov.br;ADMIN. DAS HIDROVIAS DA AMAZONIA OCIDENTAL
http://www.antarcticabrazil.gov.br;antarcticabrazil.gov.br;MINISTERIO DAS RELACOES EXTERIORES
http://www.aplicativos.gov.br;aplicativos.gov.br;PRESIDENCIA DA REPUBLICA
http://www.aerofacil.gov.br;aerofacil.gov.br;PRESIDENCIA DA REPUBLICA
http://www.ba.gov.br;ba.gov.br;CIA. DE PROCESSAMENTO DE DADOS DO ESTADO DA BAHIA
http://www.bacen.gov.br;bacen.gov.br;BANCO CENTRAL DO BRASIL
http://www.baciadoprata.gov.br;baciadoprata.gov.br;ANEEL - AG
http://www.badesc.gov.br;badesc.gov.br;BADESC-AG
http://www.bancocentral.gov.br;bancocentral.gov.br;BANCO CENTRAL DO BRASIL
http://www.bancodaterra.gov.br;bancodaterra.gov.br;MINISTERIO DO DESENVOLVIMENTO AGRARIO
http://www.bancodeconteudos.gov.br;bancodeconteudos.gov.br;MINISTERIO DA CULTURA
http://www.bancodeoportunidades.gov.br;bancodeoportunidades.gov.br;MINISTERIO DO PLANEJAMENTO, ORCAMENTO E GESTAO
http://www.bancodonordeste.gov.br;bancodonordeste.gov.br;BANCO DO NORDESTE DO BRASIL S/A
http://www.banconordeste.gov.br;banconordeste.gov.br;BANCO DO NORDESTE DO BRASIL S/A
http://www.bc.gov.br;bc.gov.br;BANCO CENTRAL DO BRASIL
http://www.bcb.gov.br;bcb.gov.br;BANCO CENTRAL DO BRASIL
http://www.bcc.gov.br;bcc.gov.br;MINISTERIO DA CULTURA
http://www.bcdam.gov.br;bcdam.gov.br;COMPANHIA DE PESQUISA DE RECURSOS MINERAIS
http://www.bdep.gov.br;bdep.gov.br;AGENCIA NACIONAL DO PETROLEO, GAS NATURAL E BIOCO.
http://www.bdjur.gov.br;bdjur.gov.br;SUPERIOR TRIBUNAL DE JUSTICA
http://www.belomonte.gov.br;belomonte.gov.br;CENTRAIS ELETRICAS DO NORTE DO BRASIL
http://www.bemrecebercopa.gov.br;bemrecebercopa.gov.br;EMBRATUR INSTITUTO BRASILEIRO DE TURISMO
http://www.bid2002brasil.gov.br;bid2002brasil.gov.br;SECRETARIA DE ESTADO DA ADMINISTRACAO E PATRIMONIO
http://www.biodiesel.gov.br;biodiesel.gov.br;INSTITUTO BRASILEIRO DE INFORMACAO EM C&T
http://www.biodiversidade.gov.br;biodiversidade.gov.br;INSTITUTO CHICO MENDES DE CONS. DA BIODIVERSIDADE
http://www.bnb.gov.br;bnb.gov.br;BANCO DO NORDESTE DO BRASIL S/A
http://www.bndes.gov.br;bndes.gov.br;BANCO NACIONAL DE DESENVOLVIMENTO ECONOMICO E SOCI
http://www.bndespar.gov.br;bndespar.gov.br;BNDES PARTICIPACOES S/A
http://www.boavistaenergia.gov.br;boavistaenergia.gov.br;CENTRAIS ELETRICAS DO NORTE DO BRASIL
http://www.bolaofederal.gov.br;bolaofederal.gov.br;CAIXA ECONOMICA FEDERAL
http://www.bolsadacaixa.gov.br;bolsadacaixa.gov.br;CAIXA ECONOMICA FEDERAL
http://www.brasil-rounds.gov.br;brasil-rounds.gov.br;AGENCIA NACIONAL DO PETROLEO, GAS NATURAL E BIOCO.
http://www.brasil.gov.br;brasil.gov.br;PRESIDENCIA DA REPUBLICA
http://www.brasilcultura.gov.br;brasilcultura.gov.br;MINISTERIO DAS RELACOES EXTERIORES
http://www.brasilemcidades.gov.br;brasilemcidades.gov.br;MINISTERIO DAS CIDADES
http://www.brasilglobalnet.gov.br;brasilglobalnet.gov.br;MIN. RELACOES EXTERIORES DEPTO PROMOCAO COMERCIAL
http://www.brasilia2010.gov.br;brasilia2010.gov.br;MINISTERIO DA CULTURA
http://www.brasilmaior.gov.br;brasilmaior.gov.br;MINISTERIO DO DESENVOLVIMENTO INDUSTRIA E COMERCIO
http://www.brasilpresente.gov.br;brasilpresente.gov.br;SECRETARIA DE COMUNICACAO SOCIAL
http://www.brasilre.gov.br;brasilre.gov.br;IRB - BRASIL RESSEGUROS SA
http://www.brasilsemiseria.gov.br;brasilsemiseria.gov.br;SERVICO FEDERAL DE PROCESSAMENTO DE DADOS - SERPRO
http://www.brasilsemmiseria.gov.br;brasilsemmiseria.gov.br;SERVICO FEDERAL DE PROCESSAMENTO DE DADOS - SERPRO
http://www.brasiltradenet.gov.br;brasiltradenet.gov.br;MIN. RELACOES EXTERIORES DEPTO PROMOCAO COMERCIAL
http://www.brasiltransparente.gov.br;brasiltransparente.gov.br;SERVICO FEDERAL DE PROCESSAMENTO DE DADOS - SERPRO
http://www.brazil-rounds.gov.br;brazil-rounds.gov.br;AGENCIA NACIONAL DO PETROLEO, GAS NATURAL E BIOCO.
http://www.brazil.gov.br;brazil.gov.br;PRESIDENCIA DA REPUBLICA
http://www.brazilenvironment-mobile.gov.br;brazilenvironment-mobile.gov.br;MINISTERIO DO MEIO AMBIENTE
http://www.brazilglobalnet.gov.br;brazilglobalnet.gov.br;MIN. RELACOES EXTERIORES DEPTO PROMOCAO COMERCIAL
http://www.brazilianexporters.gov.br;brazilianexporters.gov.br;SERVICO FEDERAL DE PROCESSAMENTO DE DADOS - SERPRO
http://www.brazilrounds.gov.br;brazilrounds.gov.br;AGENCIA NACIONAL DO PETROLEO, GAS NATURAL E BIOCO.
http://www.brazilsenvironment.gov.br;brazilsenvironment.gov.br;MINISTERIO DO MEIO AMBIENTE
http://www.braziltradenet.gov.br;braziltradenet.gov.br;MIN. RELACOES EXTERIORES DEPTO PROMOCAO COMERCIAL
http://www.brmcc.gov.br;brmcc.gov.br;DEPARTAMENTO DE CONTROLE DO ESPACO AEREO
http://www.btn.gov.br;btn.gov.br;MIN. RELACOES EXTERIORES DEPTO PROMOCAO COMERCIAL
http://www.butantan.gov.br;butantan.gov.br;INSTITUTO BUTANTAN
http://www.bvenergia.gov.br;bvenergia.gov.br;CENTRAIS ELETRICAS DO NORTE DO BRASIL
http://www.brasilexport.gov.br;brasilexport.gov.br;MIN. RELACOES EXTERIORES DEPTO PROMOCAO COMERCIAL
http://www.brasil2016.gov.br;brasil2016.gov.br;MINISTERIO DO ESPORTE
http://www.bioform.gov.br;bioform.gov.br;SERVICO FEDERAL DE PROCESSAMENTO DE DADOS - SERPRO
http://www.bn.gov.br;bn.gov.br;FUNDACAO BIBLIOTECA NACIONAL
http://www.brasilvoluntario.gov.br;brasilvoluntario.gov.br;MINISTERIO DO ESPORTE
http://www.btig.gov.br;btig.gov.br;MIN. RELACOES EXTERIORES DEPTO PROMOCAO COMERCIAL
http://www.businessbrasil.gov.br;businessbrasil.gov.br;MIN. RELACOES EXTERIORES DEPTO PROMOCAO COMERCIAL
http://www.businessbrazil.gov.br;businessbrazil.gov.br;MIN. RELACOES EXTERIORES DEPTO PROMOCAO COMERCIAL
http://www.c-brasil.gov.br;c-brasil.gov.br;SERVICO FEDERAL DE PROCESSAMENTO DE DADOS - SERPRO
http://www.c-brazil.gov.br;c-brazil.gov.br;SERVICO FEDERAL DE PROCESSAMENTO DE DADOS - SERPRO
http://www.cade.gov.br;cade.gov.br;CONSELHO ADMINISTRATIVO DE DEFESA ECON
http://www.caged.gov.br;caged.gov.br;MINISTERIO DO TRABALHO E EMPREGO
http://www.caixa.gov.br;caixa.gov.br;CAIXA ECONOMICA FEDERAL
http://www.caixaaqui.gov.br;caixaaqui.gov.br;CAIXA ECONOMICA FEDERAL
http://www.caixacultural.gov.br;caixacultural.gov.br;CAIXA ECONOMICA FEDERAL
http://www.caixadasorte.gov.br;caixadasorte.gov.br;CAIXA ECONOMICA FEDERAL
http://www.caixadotesouro.gov.br;caixadotesouro.gov.br;CAIXA ECONOMICA FEDERAL
http://www.caixaeconomica.gov.br;caixaeconomica.gov.br;CAIXA ECONOMICA FEDERAL
http://www.caixaeconomicafederal.gov.br;caixaeconomicafederal.gov.br;CAIXA ECONOMICA FEDERAL
http://www.caixaforte.gov.br;caixaforte.gov.br;CAIXA ECONOMICA FEDERAL
http://www.caixainvest.gov.br;caixainvest.gov.br;CAIXA ECONOMICA FEDERAL
http://www.caixainveste.gov.br;caixainveste.gov.br;CAIXA ECONOMICA FEDERAL
http://www.caixamaisqueumbanco.gov.br;caixamaisqueumbanco.gov.br;CAIXA ECONOMICA FEDERAL
http://www.caixapostal.gov.br;caixapostal.gov.br;CAIXA ECONOMICA FEDERAL
http://www.caixaqui.gov.br;caixaqui.gov.br;CAIXA ECONOMICA FEDERAL
http://www.caixaresolve.gov.br;caixaresolve.gov.br;CAIXA ECONOMICA FEDERAL
http://www.caixavirtual.gov.br;caixavirtual.gov.br;CAIXA ECONOMICA FEDERAL
http://www.camara.gov.br;camara.gov.br;CAMARA DOS DEPUTADOS
http://www.camaradosdeputados.gov.br;camaradosdeputados.gov.br;CAMARA DOS DEPUTADOS
http://www.caminhaodasorte.gov.br;caminhaodasorte.gov.br;CAIXA ECONOMICA FEDERAL
http://www.caminhaofederal.gov.br;caminhaofederal.gov.br;CAIXA ECONOMICA FEDERAL
http://www.cancer.gov.br;cancer.gov.br;INSTITUTO NACIONAL DO CANCER
http://www.capes.gov.br;capes.gov.br;FUNDACAO CAPES
http://www.capitalderisco.gov.br;capitalderisco.gov.br;FINACIADORA DE ESTUDOS E PROJETOS
http://www.carrocampeao.gov.br;carrocampeao.gov.br;CAIXA ECONOMICA FEDERAL
http://www.cartaobndes.gov.br;cartaobndes.gov.br;BANCO NACIONAL DE DESENVOLVIMENTO ECONOMICO E SOCI
http://www.cartelafederal.gov.br;cartelafederal.gov.br;CAIXA ECONOMICA FEDERAL
http://www.casabrasil.gov.br;casabrasil.gov.br;MINISTERIO DA CIENCIA E TECNOLOGIA
http://www.casacivil.gov.br;casacivil.gov.br;PRESIDENCIA DA REPUBLICA
http://www.casadamoeda.gov.br;casadamoeda.gov.br;CASA DA MOEDA DO BRASIL
http://www.casadoscontos.gov.br;casadoscontos.gov.br;CENTRO REGIONAL DE TREINAMENTO ESAF
http://www.casaruibarbosa.gov.br;casaruibarbosa.gov.br;FUNDACAO CASA DE RUI BARBOSA
http://www.catir.gov.br;catir.gov.br;MINISTERIO DO PLANEJAMENTO ORCAMENTO E GESTAO
http://www.cbee.gov.br;cbee.gov.br;CENTRAIS ELETRICAS DO NORTE DO BRASIL
http://www.cbh.gov.br;cbh.gov.br;AGENCIA NACIONAL DE AGUAS
http://www.cbnb.gov.br;cbnb.gov.br;TERCEIRO COMANDO AEREO REGIONAL
http://www.cbtu-natal.gov.br;cbtu-natal.gov.br;COMPANHIA BRASILEIRA DE TRENS URBANOS-GERENCIA NAT
http://www.cbtu-sturec.gov.br;cbtu-sturec.gov.br;COMPANHIA BRASILEIRA DE TRENS URBANOS
http://www.cbtu.gov.br;cbtu.gov.br;COMPANHIA BRASILEIRA DE TRENS URBANOS
http://www.cbtujp.gov.br;cbtujp.gov.br;COMPANHIA BRASILEIRA DE TRENS URBANOS
http://www.cbtumetrorec.gov.br;cbtumetrorec.gov.br;COMPANHIA BRASILEIRA DE TRENS URBANOS
http://www.ccom.gov.br;ccom.gov.br;AGENCIA BRASILEIRA DE INTELIGENCIA
http://www.ccpe.gov.br;ccpe.gov.br;MINISTERIO DE MINAS E ENERGIA
http://www.cd.gov.br;cd.gov.br;CAMARA DOS DEPUTADOS
http://www.cdb.gov.br;cdb.gov.br;MINISTERIO DAS RELACOES EXTERIORES - DCD
http://www.cdes.gov.br;cdes.gov.br;PRESIDENCIA DA REPUBLICA
http://www.cdp-ahitar.gov.br;cdp-ahitar.gov.br;AHITAR - ADMINISTRACAO DAS HIDROVIAS DO TOCANTINS
http://www.cdv.gov.br;cdv.gov.br;SECRETARIA DE DIREITOS HUMANOS
http://www.ce.gov.br;ce.gov.br;EMPRESA DE TECNOLOGIA DA INFORMACAO DO CEARA-ETICE
http://www.ceagesp.gov.br;ceagesp.gov.br;CEAGESP CIA ENTREPOSTOS ARMAZENS GERAIS S.P.
http://www.ceara.gov.br;ceara.gov.br;SECRETARIA DA ADMINISTRACAO
http://www.ceasa.gov.br;ceasa.gov.br;COMPANHIA NACIONAL DE ABASTECIMENTO
http://www.cef.gov.br;cef.gov.br;CAIXA ECONOMICA FEDERAL
http://www.cefetbg.gov.br;cefetbg.gov.br;CENTRO FEDERAL DE EDUCACAO TECNO BENTO G
http://www.cefetsvs.gov.br;cefetsvs.gov.br;INSTITUTO FEDERAL FARROUPILHA
http://www.celepar.gov.br;celepar.gov.br;COMPANHIA DE INFORMATICA DO PARANA - CELEPAR
http://www.cemaden.gov.br;cemaden.gov.br;INSTITUTO NACIONAL DE PESQUISAS ESPACIAIS
http://www.cenad.gov.br;cenad.gov.br;MINISTERIO DA INTEGRACAO NACIONAL
http://www.cenipa.gov.br;cenipa.gov.br;CENTRO DE INV E PREV DE ACIDENTES AERONAUTICOS
http://www.cenpra.gov.br;cenpra.gov.br;CENTRO DE TECNOLOGIA DA INFORMACAO RENATO ARCHER
http://www.censo.gov.br;censo.gov.br;FUNDACAO INST BRAS DE GEOGRAFIA E ESTATISTICA IBGE
http://www.censo2000.gov.br;censo2000.gov.br;FUNDACAO INST BRAS DE GEOGRAFIA E ESTATISTICA IBGE
http://www.cepec.gov.br;cepec.gov.br;CEPLAC / CEPEC / NUCAD
http://www.cepesc.gov.br;cepesc.gov.br;AGENCIA BRASILEIRA DE INTELIGENCIA
http://www.ceplac.gov.br;ceplac.gov.br;COMISSAO EXECUTIVA DO PLANO DA LAVOURA CACAUEIRA
http://www.ceplacdf.gov.br;ceplacdf.gov.br;COMISSAO EXECUTIVA DO PLANO DA LAVOURA CACAUEIRA
http://www.ceplacpa.gov.br;ceplacpa.gov.br;COMISSAO EXECUTIVA DO PLANTIO DA LAVOURA CACAUEIRA
http://www.cernai.gov.br;cernai.gov.br;DEPARTAMENTO DE CONTROLE DO ESPACO AEREO
http://www.certidaodenascimento.gov.br;certidaodenascimento.gov.br;SECRETARIA DE DIREITOS HUMANOS
http://www.cetem.gov.br;cetem.gov.br;CENTRO DE TECNOLOGIA MINERAL
http://www.cetene.gov.br;cetene.gov.br;INSTITUTO NACIONAL DE TECNOLOGIA - NORDESTE/MCT
http://www.ceturb.gov.br;ceturb.gov.br;COMP DE TRANSP URB DA GRANDE VITORIA
http://www.cfa.gov.br;cfa.gov.br;CFA - CONSELHO FEDERAL DE ADMINISTRACAO
http://www.d.gov.br;d.gov.br;SECRETARIA DE ESTADO DA ADMINISTRACAO E PATRIMONIO
http://www.dac.gov.br;dac.gov.br;DEPARTAMENTO DE AVIACAO CIVIL - DAC
http://www.dados.gov.br;dados.gov.br;MINISTERIO DO PLANEJAMENTO, ORCAMENTO E GESTAO
http://www.dadosabertos.gov.br;dadosabertos.gov.br;MINISTERIO DO PLANEJAMENTO, ORCAMENTO E GESTAO
http://www.dataprev.gov.br;dataprev.gov.br;DATAPREV EMPRESA DE PROC. DE DADOS DA PREVIDENCIA
http://www.datasus.gov.br;datasus.gov.br;MINISTERIO DA SAUDE
http://www.dcea.gov.br;dcea.gov.br;DEPARTAMENTO DE CONTROLE DO ESPACO AEREO
http://www.decea.gov.br;decea.gov.br;DEPARTAMENTO DE CONTROLE DO ESPACO AEREO
http://www.decine.gov.br;decine.gov.br;FUNDACAO NACIONAL DE ARTES
http://www.defencil.gov.br;defencil.gov.br;MINISTERIO DA INTEGRACAO NACIONAL
http://www.defensoriapublica.gov.br;defensoriapublica.gov.br;MINISTERIO DA JUSTICA
http://www.defesa.gov.br;defesa.gov.br;MINISTERIO DA DEFESA
http://www.defesaagropecuaria.gov.br;defesaagropecuaria.gov.br;SECRETARIA DE DEFESA AGROPECUARIA
http://www.defesacivil.gov.br;defesacivil.gov.br;MINISTERIO DA INTEGRACAO NACIONAL
http://www.denatran.gov.br;denatran.gov.br;MINISTERIO DA JUSTICA
http://www.deputado.gov.br;deputado.gov.br;CAMARA DOS DEPUTADOS
http://www.depv.gov.br;depv.gov.br;DEPARTAMENTO DE CONTROLE DO ESPACO AEREO
http://www.desenvolvimento.gov.br;desenvolvimento.gov.br;MINISTERIO DO DESENVOLVIMENTO INDUSTRIA E COMERCIO
http://www.desenvolvimentoagrario.gov.br;desenvolvimentoagrario.gov.br;MINISTERIO DO DESENVOLVIMENTO AGRARIO
http://www.desenvolvimentosocial.gov.br;desenvolvimentosocial.gov.br;DTI/SE/MDS E COMBATE A FOME
http://www.df.gov.br;df.gov.br;GOVERNO DO DISTRITO FEDERAL
http://www.dfa-ba.gov.br;dfa-ba.gov.br; MINISTERIO DA AGRICULTURA E DO ABASTECIMENTO
http://www.dfa-pe.gov.br;dfa-pe.gov.br;MINISTERIO DA AGRICULTURA - DFA - LAPA - RECIFE
http://www.dfasp.gov.br;dfasp.gov.br;DELEGACIA FEDERAL DE AGRICULTURA EM SAO PAULO
http://www.diariodajustica.gov.br;diariodajustica.gov.br;SUPREMO TRIBUNAL FEDERAL
http://www.dinf.gov.br;dinf.gov.br;AGENCIA BRASILEIRA DE INTELIGENCIA
http://www.dinheiroaqui.gov.br;dinheiroaqui.gov.br;CAIXA ECONOMICA FEDERAL
http://www.dinheiroemcaixa.gov.br;dinheiroemcaixa.gov.br;CAIXA ECONOMICA FEDERAL
http://www.dinheiroinstantaneo.gov.br;dinheiroinstantaneo.gov.br;CAIXA ECONOMICA FEDERAL
http://www.dinheirovivo.gov.br;dinheirovivo.gov.br;CAIXA ECONOMICA FEDERAL
http://www.direitoshumanos.gov.br;direitoshumanos.gov.br;SECRETARIA DE DIREITOS HUMANOS
http://www.disque100.gov.br;disque100.gov.br;MINISTERIO DA JUSTICA
http://www.dj.gov.br;dj.gov.br;SUPREMO TRIBUNAL FEDERAL
http://www.dnc.gov.br;dnc.gov.br;AGENCIA NACIONAL DO PETROLEO - DNC
http://www.dner-ce.gov.br;dner-ce.gov.br;DNER - 03. DISTRITO RODOVIAVIO FEDERAL
http://www.dner-ms.gov.br;dner-ms.gov.br;DNER - DEPT NAC. DE ESTRADAS E RODAGENS
http://www.dner.gov.br;dner.gov.br;DEPTO NACIONAL DE ESTRADAS DE RODAGEM - DNER
http://www.dner1drf.gov.br;dner1drf.gov.br;DNER / 1 DISTRITO RODOVIARIO FEDERAL
http://www.dnit.gov.br;dnit.gov.br;DNIT-DEPARTAMENTO NACIONAL DE INFRAEST DE TRANSPOR
http://www.dnocs.gov.br;dnocs.gov.br;DEPARTAMENTO NACIONAL DE OBRAS CONTRA AS SECAS
http://www.dnocspb.gov.br;dnocspb.gov.br;SEGUNDO DISTRITO DE ENGENHARIA RURAL
http://www.dnpm-pe.gov.br;dnpm-pe.gov.br;4 DISTRITO DNPM - PE
http://www.dnpm.gov.br;dnpm.gov.br;DEPARTAMENTO NACIONAL DE PRODUCAO MINERAL
http://www.dnpmma.gov.br;dnpmma.gov.br;DNPM - DEPART. NACIONAL DE PRODU
http://www.dnpmsc.gov.br;dnpmsc.gov.br;DNPM - 11 DISTRITO
http://www.dnrc.gov.br;dnrc.gov.br;DEPARTAMENTO NACIONAL DE REGISTRO DO COMERCIO
http://www.documenta.gov.br;documenta.gov.br;FUNDACAO BIBLIOTECA NACIONAL
http://www.dom.gov.br;dom.gov.br;PROJETO DOM HELDER CAMARA
http://www.dominiopublico.gov.br;dominiopublico.gov.br;MINISTERIO DA EDUCACAO
http://www.dou.gov.br;dou.gov.br;IMPRENSA NACIONAL/PRESIDENCIA DA REPUBLICA
http://www.dpf-ce.gov.br;dpf-ce.gov.br;SUPER. REGIONAL DA POLICIA FEDERAL NO CEARA
http://www.dpf.gov.br;dpf.gov.br;DEPARTAMENTO DE POLICIA FEDERAL
http://www.dprf.gov.br;dprf.gov.br;DEPARTAMENTO DE POLICIA RODOVIARIA FEDERAL
http://www.dpu.gov.br;dpu.gov.br;DEFENSORIA PUBLICA-GERAL DA UNIAO
http://www.dtceaaf.gov.br;dtceaaf.gov.br;COMANDO DA AERONAUTICA - SRPV-SP
http://www.dtceagl.gov.br;dtceagl.gov.br;COMANDO DA AERONAUTICA - SRPV-SP
http://www.dtceagw.gov.br;dtceagw.gov.br;COMANDO DA AERONAUTICA - SRPV-SP
http://www.dtceamt.gov.br;dtceamt.gov.br;COMANDO DA AERONAUTICA - SRPV-SP
http://www.dtceasc.gov.br;dtceasc.gov.br;COMANDO DA AERONAUTICA - SRPV-SP
http://www.dtceasj.gov.br;dtceasj.gov.br;COMANDO DA AERONAUTICA - SRPV-SP
http://www.dtceasp.gov.br;dtceasp.gov.br;COMANDO DA AERONAUTICA - SRPV-SP
http://www.dtceast.gov.br;dtceast.gov.br;COMANDO DA AERONAUTICA - SRPV-SP
http://www.dtceatmrj.gov.br;dtceatmrj.gov.br;COMANDO DA AERONAUTICA - SRPV-SP
http://www.dte.gov.br;dte.gov.br;AGENCIA BRASILEIRA DE INTELIGENCIA
http://www.dtpdf.gov.br;dtpdf.gov.br;DATAPREV DF
http://www.duplasena.gov.br;duplasena.gov.br;CAIXA ECONOMICA FEDERAL
http://www.data.gov.br;data.gov.br;MINISTERIO DO PLANEJAMENTO, ORCAMENTO E GESTAO
http://www.desenvolvimentorural.gov.br;desenvolvimentorural.gov.br;MINSTERIO DO DESENVOLVIMENTO AGRARIO
http://www.desaparecidos.gov.br;desaparecidos.gov.br;SECRETARIA DE DIREITOS HUMANOS
http://www.dialogosfederativos.gov.br;dialogosfederativos.gov.br;SUBCHEFIA DE ASSUNTOS FEDERATIVOS
http://www.e-car.gov.br;e-car.gov.br;SERVICO FEDERAL DE PROCESSAMENTO DE DADOS - SERPRO
http://www.e-conta.gov.br;e-conta.gov.br;CAIXA ECONOMICA FEDERAL
http://www.e-contacaixa.gov.br;e-contacaixa.gov.br;CAIXA ECONOMICA FEDERAL
http://www.e-jud.gov.br;e-jud.gov.br;SUPERIOR TRIBUNAL DE JUSTICA
http://www.e-jus.gov.br;e-jus.gov.br;SUPERIOR TRIBUNAL DE JUSTICA
http://www.e-pagamentos.gov.br;e-pagamentos.gov.br;CAIXA ECONOMICA FEDERAL
http://www.e-pagamentoscaixa.gov.br;e-pagamentoscaixa.gov.br;CAIXA ECONOMICA FEDERAL
http://www.e-parana.gov.br;e-parana.gov.br;COMPANHIA DE INFORMATICA DO PARANA - CELEPAR
http://www.e-post.gov.br;e-post.gov.br;EMPRESA BRASILEIRA DE CORREIOS E TELEGRAFOS
http://www.e-stj.gov.br;e-stj.gov.br;SUPERIOR TRIBUNAL DE JUSTICA
http://www.e.gov.br;e.gov.br;SERVICO FEDERAL DE PROCESSAMENTO DE DADOS - SERPRO
http://www.eaf-sbf.gov.br;eaf-sbf.gov.br;ESCOLA AGROTECNICA FEDERAL DE SENHOR DO BONFIM
http://www.eafa-to.gov.br;eafa-to.gov.br;ESCOLA AGROTECNICA FEDERAL DE ARAGUATINS
http://www.eafajt.gov.br;eafajt.gov.br;ESCOLA AGROTECNICA FEDERAL ANTONIO JOSE TEIXEIRA
http://www.eafars.gov.br;eafars.gov.br;ESCOLA AGROTECNICA FEDERAL DE ALEGRETE
http://www.eafb.gov.br;eafb.gov.br;ESCOLA AGROTECNICA FEDERAL DE BARREIROS-PE
http://www.eafbambui.gov.br;eafbambui.gov.br;CENTRO FEDERAL DE EDUCACAO TECNOLOGICA DE BAMBUI
http://www.eafc-pa.gov.br;eafc-pa.gov.br;ESCOLA AGROTECNICA FEDERAL DE CASTANHAL
http://www.eafc.gov.br;eafc.gov.br;INSTITUTO FEDERAL DE MATO GROSSO - CACERES
http://www.eafcatu.gov.br;eafcatu.gov.br;ESCOLA AGROTECNICA FEDERAL DE CATU
http://www.eafce.gov.br;eafce.gov.br;ESCOLA AGROTECNICA FEDERAL DE CERES
http://www.eafco.gov.br;eafco.gov.br;ESCOLA AGROTECNICA FEDERAL DE COLORADO DO OESTE
http://www.eafcol.gov.br;eafcol.gov.br;ESCOLA AGROTECNICA FEDERAL DE COLATINA
http://www.eafcrato.gov.br;eafcrato.gov.br;ESCOLA AGROTECNICA FEDERAL DE CRATO
http://www.eafguanambi.gov.br;eafguanambi.gov.br;ESCOLA AGROTECNICA FEDERAL ANTONIO JOSE TEIXEIRA
http://www.eafi.gov.br;eafi.gov.br;ESCOLA AGROTECNICA FEDERAL DE INCONFIDENTES
http://www.eafigt.gov.br;eafigt.gov.br;ESCOLA AGROTECNICA FEDERAL DE IGUATU-C
http://www.eafmachado.gov.br;eafmachado.gov.br;ESCOLA AGROTECNICA FEDERAL DE MACHADO
http://www.eafmanaus.gov.br;eafmanaus.gov.br;ESCOLA AGROTECNICA FEDERAL DE MANAUS
http://www.eafmuz.gov.br;eafmuz.gov.br;INSTITUTO FEDERAL SUL DE MINAS GERAIS
http://www.eafrs.gov.br;eafrs.gov.br;ESCOLA AGROTECNICA FEDERAL DE RIO DO SUL
http://www.eafs.gov.br;eafs.gov.br;ESCOLA AGROTECNICA FEDERAL DE SATUBA - AL
http://www.eafsb.gov.br;eafsb.gov.br;ESCOLA AGROTECNICA FEDERAL DE SENHOR DO BONFIM
http://www.eafsc.gov.br;eafsc.gov.br;ESCOLA AGROTECNICA FEDERAL DE SAO CRISTOVAO - SE
http://www.eafsertao.gov.br;eafsertao.gov.br;ESCOLA AGROTECNICA FEDERAL DE SETAO
http://www.eafsgc.gov.br;eafsgc.gov.br;ESCOLA AGROTEC FED DE SAO GABRIEL DA CACHOEIRA
http://www.eafsi.gov.br;eafsi.gov.br;ESCOLA AGROTECNICA FEDERAL DE SANTA INES - BAHIA
http://www.eafsl.gov.br;eafsl.gov.br;ESCOLA AGROTECNICA FEDERAL DE SAO LUIZ
http://www.eafsombrio.gov.br;eafsombrio.gov.br;ESCOLA AGROTECNICA FEDERAL DE SOMBRIO
http://www.eafspb.gov.br;eafspb.gov.br;ESCOLA AGROTECNICA FEDERAL DE SOUSA
http://www.eafsrbonfim.gov.br;eafsrbonfim.gov.br;ESCOLA AGROTECNICA FEDERAL DE SENHOR DO BONFIM
http://www.eafst.gov.br;eafst.gov.br;ESCOLA AGROTECNICA FEDERAL DE SANTA TERESA
http://www.eafuberaba.gov.br;eafuberaba.gov.br;CEFET CENTRO FED EDUCACAO TECNOLOGICA DE UBERABA
http://www.eafudi.gov.br;eafudi.gov.br;ESCOLA AGROTECNICA FEDERAL DE UBERLANDIA
http://www.eafvsa.gov.br;eafvsa.gov.br;INSTITUTO FEDERAL DE PERNAMBUCO CAMPUS VITORIA
http://www.ebndes.gov.br;ebndes.gov.br;BANCO NACIONAL DE DESENVOLVIMENTO ECONOMICO E SOCI
http://www.ec.gov.br;ec.gov.br;MINISTERIO DA SAUDE
http://www.ecobrancacaixa.gov.br;ecobrancacaixa.gov.br;CAIXA ECONOMICA FEDERAL
http://www.economizar.gov.br;economizar.gov.br;PETROLEO BRASILEIRO S.A. - PETROBRAS
http://www.ect.gov.br;ect.gov.br;EMPRESA BRASILEIRA DE CORREIOS E TELEGRAFOS
http://www.edemocracia.gov.br;edemocracia.gov.br;CAMARA DOS DEPUTADOS
http://www.educacao.gov.br;educacao.gov.br;MINISTERIO DA EDUCACAO E DO DESPORTO
http://www.educacaofiscal.gov.br;educacaofiscal.gov.br;ESCOLA DE ADMINISTRACAO FAZENDARIA
http://www.educacion.gov.br;educacion.gov.br;MINISTERIO DA EDUCACAO E DO DESPORTO
http://www.education.gov.br;education.gov.br;MINISTERIO DA EDUCACAO E DO DESPORTO
http://www.egressos-esaf.gov.br;egressos-esaf.gov.br;ESCOLA DE ADMINISTRACAO FAZENDARIA
http://www.eixos.gov.br;eixos.gov.br;MINISTERIO DO PLANEJAMENTO, ORCAMENTO E GESTAO
http://www.eleicoes.gov.br;eleicoes.gov.br;TRIBUNAL SUPERIOR ELEITORAL
http://www.eletrobras.gov.br;eletrobras.gov.br;CENTRAIS ELETRICAS BRASILEIRAS SA
http://www.eletrofurnas.gov.br;eletrofurnas.gov.br;FURNAS CENTRAIS ELETRICAS S.A.
http://www.eletronorte.gov.br;eletronorte.gov.br;CENTRAIS ELETRICAS DO NORTE DO BRASIL
http://www.eletronuclear.gov.br;eletronuclear.gov.br;ELETROBRAS TERMONUCLEAR SA 
http://www.eletrosul.gov.br;eletrosul.gov.br;ELETROSUL CENTRAIS ELETRICAS S.A.
http://www.eln.gov.br;eln.gov.br;CENTRAIS ELETRICAS DO NORTE DO BRASIL
http://www.embrapa.gov.br;embrapa.gov.br;EMPRESA BRASILEIRA DE PESQUISA AGROPECUARIA
http://www.embratur.gov.br;embratur.gov.br;EMBRATUR INSTITUTO BRASILEIRO DE TURISMO
http://www.emgea.gov.br;emgea.gov.br;EMPRESA GESTORA DE ATIVOS - EMGEA
http://www.emprel.gov.br;emprel.gov.br;EMPREL - EMPRESA MUNICIPAL DE INFORMATICA
http://www.emquestao.gov.br;emquestao.gov.br;SECRETARIA DE COMUNICACAO SOCIAL
http://www.enamat.gov.br;enamat.gov.br;TRIBUNAL SUPERIOR DO TRABALHO
http://www.enap.gov.br;enap.gov.br;MINISTERIO DA ADM. FEDERAL E REFORMA DO ESTADO
http://www.enccla.gov.br;enccla.gov.br;MINISTERIO DA JUSTICA
http://www.encomex.gov.br;encomex.gov.br;MINISTERIO DO DESENVOLVIMENTO INDUSTRIA E COMERCIO
http://www.energiaboavista.gov.br;energiaboavista.gov.br;CENTRAIS ELETRICAS DO NORTE DO BRASIL
http://www.energiabrasil.gov.br;energiabrasil.gov.br;MINISTERIO DE MINAS E ENERGIA
http://www.epl.gov.br;epl.gov.br;EMPRESA DE PLANEJAMENTO E LOGISTICA S A - EPL
http://www.empresa.gov.br;empresa.gov.br;SERVICO FEDERAL DE PROCESSAMENTO DE DADOS - SERPRO
http://www.empresasimples.gov.br;empresasimples.gov.br;SERVICO FEDERAL DE PROCESSAMENTO DE DADOS - SERPRO
http://www.fab.gov.br;fab.gov.br;CENTRO DE COMPUTACAO DA AERONAUTICA DE BRASILIA
http://www.faesa-oscip.gov.br;faesa-oscip.gov.br;FEDERACAO DAS ASSOC. E ENTID. P/ DESENV. SEMIARIDO
http://www.faroldodesenvolvimento.gov.br;faroldodesenvolvimento.gov.br;BANCO DO NORDESTE DO BRASIL S/A
http://www.fat.gov.br;fat.gov.br;MINISTERIO DO TRABALHO E EMPREGO
http://www.fazenda.gov.br;fazenda.gov.br;MINISTERIO DA FAZENDA
http://www.federal.gov.br;federal.gov.br;CAIXA ECONOMICA FEDERAL
http://www.federalcap.gov.br;federalcap.gov.br;CAIXA ECONOMICA FEDERAL
http://www.federalcard.gov.br;federalcard.gov.br;CAIXA ECONOMICA FEDERAL
http://www.federativo.gov.br;federativo.gov.br;IPEA -INSTITUTO DE PESQUISA ECONOMICA APLICADA
http://www.fgts.gov.br;fgts.gov.br;CAIXA ECONOMICA FEDERAL
http://www.fhdf.gov.br;fhdf.gov.br;SECRETARIA DE SAUDE DO DISTRITO FEDERAL
http://www.fibge.gov.br;fibge.gov.br;FUNDACAO INST BRAS DE GEOGRAFIA E ESTATISTICA IBGE
http://www.finame.gov.br;finame.gov.br;AGENCIA ESPECIAL DE FINANCIAMENTO INDUSTRIAL
http://www.finep.gov.br;finep.gov.br;FINACIADORA DE ESTUDOS E PROJETOS
http://www.fiscalizacopa2014.gov.br;fiscalizacopa2014.gov.br;TRIBUNAL DE CONTAS DA UNIAO
http://www.fiscopa2014.gov.br;fiscopa2014.gov.br;TRIBUNAL DE CONTAS DA UNIAO
http://www.fjp.gov.br;fjp.gov.br;FUNDACAO JOAO PINHEIRO
http://www.florestal.gov.br;florestal.gov.br;MINISTERIO DO MEIO AMBIENTE
http://www.fnde.gov.br;fnde.gov.br;FUNDO NACIONAL DE DESENVOLVIMENTO DA EDUCACAO
http://www.fns-es.gov.br;fns-es.gov.br;FUNDACAO NACIONAL DE SAUDE
http://www.fns-sc.gov.br;fns-sc.gov.br;FUNDACAO NACIONAL DE SAUDE - COORDENACAO REGIONAL
http://www.fns.gov.br;fns.gov.br;FUNDACAO NACIONAL DE SAUDE
http://www.fnsms.gov.br;fnsms.gov.br;FUNDACAO NACIONAL DE SAUDE
http://www.focco-pb.gov.br;focco-pb.gov.br;PROCURADORIA DA REPUBLICA NA PARAIBA
http://www.foccopb.gov.br;foccopb.gov.br;PROCURADORIA DA REPUBLICA NA PARAIBA
http://www.fomezero.gov.br;fomezero.gov.br;PRESIDENCIA DA REPUBLICA
http://www.fonoaudiologia-1.gov.br;fonoaudiologia-1.gov.br;CONSELHO REGIONAL DE FONOAUDIOLOGIA - 1A REGIAO
http://www.fonoaudiologia-rj.gov.br;fonoaudiologia-rj.gov.br;CONSELHO REGIONAL DE FONOAUDIOLOGIA - 1A REGIAO
http://www.forumpermanente.gov.br;forumpermanente.gov.br;MINISTERIO DO DESENVOLVIMENTO INDUSTRIA E COMERCIO
http://www.forumsipec.gov.br;forumsipec.gov.br;MINISTERIO DO PLANEJAMENTO, ORCAMENTO E GESTAO
http://www.forumsocinfo.gov.br;forumsocinfo.gov.br;SERVICO FEDERAL DE PROCESSAMENTO DE DADOS - SERPRO
http://www.frameworkdemoiselle.gov.br;frameworkdemoiselle.gov.br;SERVICO FEDERAL DE PROCESSAMENTO DE DADOS - SERPRO
http://www.frp.gov.br;frp.gov.br;FUNDACAO ROQUETTE PINTO
http://www.funag.gov.br;funag.gov.br;FUNDACAO ALEXANDRE DE GUSMAO
http://www.funai.gov.br;funai.gov.br;FUNDACAO NACIONAL DO INDIO
http://www.funarte.gov.br;funarte.gov.br;FUNDACAO NACIONAL DE ARTES
http://www.funasa-sc.gov.br;funasa-sc.gov.br;FUNDACAO NACIONAL DE SAUDE - COORDENACAO REGIONAL
http://www.funasa.gov.br;funasa.gov.br;FUNDACAO NACIONAL DE SAUDE
http://www.fundacentro-ba.gov.br;fundacentro-ba.gov.br;FUNDACAO JORGE DUPRAT FIGUEIREDO DE SEG.E MED.TRAB
http://www.fundacentro-es.gov.br;fundacentro-es.gov.br;FUND. JORGE DUPRAT FIGUEIREDO DE SEG. MED TRABALHO
http://www.fundacentro-pe.gov.br;fundacentro-pe.gov.br;FUNDACENTRO - FUNDACAO JORGE DUPRAT FIGUEIREDO DE
http://www.fundacentro.gov.br;fundacentro.gov.br;FUNDACENTRO - FUNDACAO JORGE DUPRAT FIGUEIREDO
http://www.fundacentroms.gov.br;fundacentroms.gov.br;FUNDACAO JORGE DUPRAT FIGUEIREDO DE SEG 
http://www.fundacentrorj.gov.br;fundacentrorj.gov.br;FUNDACAO J. D. F. DE SEG. E MEDICINA DO TRABALHO
http://www.fundaj.gov.br;fundaj.gov.br;FUNDACAO JOAQUIM NABUCO
http://www.fundoamazonia-bndes.gov.br;fundoamazonia-bndes.gov.br;BANCO NACIONAL DE DESENVOLVIMENTO ECONOMICO E SOCI
http://www.fundoamazonia.gov.br;fundoamazonia.gov.br;BANCO NACIONAL DE DESENVOLVIMENTO ECONOMICO E SOCI
http://www.furnas.gov.br;furnas.gov.br;FURNAS CENTRAIS ELETRICAS S.A.
http://www.fimdotrabalhoinfantil.gov.br;fimdotrabalhoinfantil.gov.br;MINISTERIO DO DESENVOLVIMENTO SOCIAL E COMBATE A FOME
http://www.funpresp-exe.gov.br;funpresp-exe.gov.br;FUNDACAO DE PREVIDENCIA COMPLEMENTAR DO SERVIDOR PUBLICO FEDERAL DO PODER EXECUTIVO
http://www.funpresp.gov.br;funpresp.gov.br;FUNDACAO DE PREVIDENCIA COMPLEMENTAR DO SERVIDOR PUBLICO FEDERAL DO PODER EXECUTIVO
http://www.fbn.gov.br;fbn.gov.br;FUNDACAO BIBLIOTECA NACIONAL
http://www.fiscalizacaorio2016.gov.br;fiscalizacaorio2016.gov.br;TRIBUNAL DE CONTAS DA UNIAO
http://www.fiscalizario2016.gov.br;fiscalizario2016.gov.br;TRIBUNAL DE CONTAS DA UNIAO
http://www.gcth-sida.gov.br;gcth-sida.gov.br;MINISTERIO DA SAUDE
http://www.gdf.gov.br;gdf.gov.br;GOVERNO DO DISTRITO FEDERAL
http://www.gdfaz.gov.br;gdfaz.gov.br;ESCOLA DE ADMINISTRACAO FAZENDARIA
http://www.geipot.gov.br;geipot.gov.br;EMPRESA BRASILEIRA DE PLANEJAMENTO DE
http://www.genero.gov.br;genero.gov.br;SECRETARIA DE COMUNICACAO SOCIAL
http://www.geres.gov.br;geres.gov.br;GRUPO EXECUTIVO P RECUP ECON DO EST ESP SANTO
http://www.gesac.gov.br;gesac.gov.br;MINISTERIO DAS COMUNICACOES
http://www.gespublica.gov.br;gespublica.gov.br;SERVICO FEDERAL DE PROCESSAMENTO DE DADOS - SERPRO
http://www.gestaopublica.gov.br;gestaopublica.gov.br;SECRETARIA DE ESTADO DA ADMINISTRACAO E PATRIMONIO
http://www.gnre.gov.br;gnre.gov.br;SERVICO FEDERAL DE PROCESSAMENTO DE DADOS - SERPRO
http://www.go.gov.br;go.gov.br;FUNDACAO DE APOIO A PESQUISA - UFG
http://www.goias.gov.br;goias.gov.br;AGENCIA GOIANA DE ADMINISTRACAO E NEGOCIOS PUBLICO
http://www.govbankingcaixa.gov.br;govbankingcaixa.gov.br;CAIXA ECONOMICA FEDERAL
http://www.governoeletronico.gov.br;governoeletronico.gov.br;SECRETARIA DE ESTADO DA ADMINISTRA
http://www.gra.gov.br;gra.gov.br;SERVICO FEDERAL DE PROCESSAMENTO DE DADOS - SERPRO
http://www.gsi.gov.br;gsi.gov.br;GABINETE DE SEGURANCA INSTITUCIONAL DA PRESIDENCIA
http://www.guiafacilgps.gov.br;guiafacilgps.gov.br;CAIXA ECONOMICA FEDERAL
http://www.gestaoemdestaque.gov.br;gestaoemdestaque.gov.br;MINISTERIO DO PLANEJAMENTO, ORCAMENTO E GESTAO
http://www.govbrasil.gov.br;govbrasil.gov.br;PRESIDENCIA DA REPUBLICA
http://www.guiadeservicos.gov.br;guiadeservicos.gov.br;MINISTERIO DO PLANEJAMENTO, ORCAMENTO E GESTAO
http://www.hasp.gov.br;hasp.gov.br;HOSPITAL DA AERONAUTICA DE SAO PAULO
http://www.hcl.gov.br;hcl.gov.br;INSTITUTO NACIONAL DE CARDIOLOGIA DE LARANJEIRAS
http://www.hemobras.gov.br;hemobras.gov.br;EMPRESA BRASILEIRA DE HEMODERIVADOS E BIOTECNOLOGI
http://www.hgb.gov.br;hgb.gov.br;HOSPITAL GERAL DE BONSUCESSO
http://www.hpiedade.gov.br;hpiedade.gov.br;HOSPITAL DA PIEDADE
http://www.hrps.gov.br;hrps.gov.br;HOSPITAL RAPHAEL DE PAULA SOUZA
http://www.ibama-pi.gov.br;ibama-pi.gov.br;IBAMA - GERENCIA EXECUTIVA ESTADUAL
http://www.ibama.gov.br;ibama.gov.br;INSTITUTO BRASILEIRO DO MEIO AMBIENTE
http://www.ibamanet.gov.br;ibamanet.gov.br;INSTITUTO BRASILEIRO DO MEIO AMBIENTE
http://www.ibc.gov.br;ibc.gov.br;INSTITUTO BENJAMIN CONSTANT
http://www.ibge.gov.br;ibge.gov.br;FUNDACAO INST BRAS DE GEOGRAFIA E ESTATISTICA IBGE
http://www.ibge2.gov.br;ibge2.gov.br;IBGE - INSTITUTO BRASILEIRO DE GEOGRAFIA
http://www.ibram.gov.br;ibram.gov.br;INSTITUTO BRASILEIRO DE MUSEUS - IBRAM
http://www.ic-brazil.gov.br;ic-brazil.gov.br;CENTRO DE TECNOLOGIA DA INFORMACAO RENATO ARCHER
http://www.icea.gov.br;icea.gov.br;DEPARTAMENTO DE CONTROLE DO ESPACO AEREO
http://www.icmbio.gov.br;icmbio.gov.br;INSTITUTO CHICO MENDES DE CONS. DA BIODIVERSIDADE
http://www.icpbrasil.gov.br;icpbrasil.gov.br;INSTITUTO NACIONAL DE TECNOLOGIA INFORMACAO - ITI
http://www.idbrasil.gov.br;idbrasil.gov.br;MINISTERIO DAS COMUNICACOES
http://www.ien.gov.br;ien.gov.br;INSTITUTO DE ENGENHARIA NUCLEAR
http://www.igam.gov.br;igam.gov.br;INSTITUTO MINEIRO DE GESTAO DAS AGUAS
http://www.igualdaderacial.gov.br;igualdaderacial.gov.br;SECRETARIA ESPECIAL DE POLITICAS DE PROMOCAO DA IG
http://www.ilbsenado.gov.br;ilbsenado.gov.br;SECRETARIA ESPECIAL DE EDITORA
http://www.imbel.gov.br;imbel.gov.br;INDUSTRIA DE MATERIAL BELICO DO BRASIL - IMBEL
http://www.imprensanacional.gov.br;imprensanacional.gov.br;IMPRENSA NACIONAL/PRESIDENCIA DA REPUBLICA
http://www.in.gov.br;in.gov.br;IMPRENSA NACIONAL/PRESIDENCIA DA REPUBLICA
http://www.inb.gov.br;inb.gov.br;INDUSTRIAS NUCLEARES DO BRASIL S/A
http://www.inca.gov.br;inca.gov.br;INSTITUTO NACIONAL DO CANCER
http://www.inclusaodigital.gov.br;inclusaodigital.gov.br;MINISTERIO DO PLANEJAMENTO, ORCAMENTO E GESTAO
http://www.incra-pe.gov.br;incra-pe.gov.br;SUPERINT. ESTADUAL DE PERNAMBUCO - INCRA
http://www.incra.gov.br;incra.gov.br;INCRA/INSTITUTO NACIONAL DE COLON E REF. AGRARIA
http://www.incrarn.gov.br;incrarn.gov.br;INSTITUTO NACIONAL DE COLONIZACAO E REF. AGRARIA
http://www.inde.gov.br;inde.gov.br;FUNDACAO INST BRAS DE GEOGRAFIA E ESTATISTICA IBGE
http://www.inep.gov.br;inep.gov.br;INSTITUTO NACIONAL DE ESTUDOS E PESQUISAS EDUCACIO
http://www.ines.gov.br;ines.gov.br;INSTITUTO NACIONAL DE EDUCACAO DE SURDOS
http://www.infoconsumo.gov.br;infoconsumo.gov.br;INMETRO-INS. NAC. DE METROLOG. QUALID. E TECNOLG.
http://www.infojus.gov.br;infojus.gov.br;SUPREMO TRIBUNAL FEDERAL
http://www.infopen.gov.br;infopen.gov.br;MINISTERIO DA JUSTICA
http://www.informacaoecidadania.gov.br;informacaoecidadania.gov.br;MINISTERIO DO PLANEJAMENTO, ORCAMENTO E GESTAO
http://www.infoseg.gov.br;infoseg.gov.br;SECRETARIA NACIONAL DE SEGURANCA PUBLICA
http://www.infosoc.gov.br;infosoc.gov.br;INSTITUTO BRASILEIRO DE INFORMACAO EM C&T
http://www.infra-estruturabrasil.gov.br;infra-estruturabrasil.gov.br;SECRETARIA DE ESTADO DA ADMINISTRACAO E PATRIMONIO
http://www.infraero.gov.br;infraero.gov.br;INFRAERO - EMPRESA BRASILEIRA DE INFRA-ESTRUTURA
http://www.infraestruturabrasil.gov.br;infraestruturabrasil.gov.br;SECRETARIA DE ESTADO DA ADMINISTRACAO E PATRIMONIO
http://www.infrastructurebrazil.gov.br;infrastructurebrazil.gov.br;SECRETARIA DE ESTADO DA ADMINISTRACAO E PATRIMONIO
http://www.inmet.gov.br;inmet.gov.br;INSTITUTO NACIONAL DE METEOROLOGIA
http://www.inmetro-es.gov.br;inmetro-es.gov.br;INST. NAC. METROL., NORMAL. E QUAL. IND. REPR. ES
http://www.inmetro-sc.gov.br;inmetro-sc.gov.br;INST NAC METROLOGIA E NORM IND
http://www.inmetro.gov.br;inmetro.gov.br;INMETRO-INS. NAC. DE METROLOG. QUALID. E TECNOLG.
http://www.inmetrogo.gov.br;inmetrogo.gov.br;SUPERINTENDENCIA REGIONAL DO INMETRO SUR-01/GO
http://www.inpa.gov.br;inpa.gov.br;INSTITUTO NACIONAL DE PESQUISAS DA AMAZONIA
http://www.inpe.gov.br;inpe.gov.br;INSTITUTO NACIONAL DE PESQUISAS ESPACIAIS
http://www.inpi.gov.br;inpi.gov.br;INPI - INSTITUTO NAC. DA PROPRIEDADE INDUSTRIAL
http://www.insa.gov.br;insa.gov.br;INSTITUTO NACIONAL DO SEMI-ARIDO-INSA
http://www.inss.gov.br;inss.gov.br;DATAPREV DF
http://www.insstelecom.gov.br;insstelecom.gov.br;INSTITUTO NACIONAL DO SEGURO SOCIAL
http://www.instantanea.gov.br;instantanea.gov.br;CAIXA ECONOMICA FEDERAL
http://www.institutochicomendes.gov.br;institutochicomendes.gov.br;INSTITUTO CHICO MENDES DE CONS. DA BIODIVERSIDADE
http://www.int.gov.br;int.gov.br;INSTITUTO NACIONAL DE TECNOLOGIA
http://www.integracao.gov.br;integracao.gov.br;MINISTERIO DA INTEGRACAO NACIONAL
http://www.interlegis.gov.br;interlegis.gov.br;SENADO FEDERAL
http://www.investcaixa.gov.br;investcaixa.gov.br;CAIXA ECONOMICA FEDERAL
http://www.investecaixa.gov.br;investecaixa.gov.br;CAIXA ECONOMICA FEDERAL
http://www.investidor.gov.br;investidor.gov.br;CVM - COMISSAO DE VALORES MOBILIARIOS
http://www.investidoresinstitucionais.gov.br;investidoresinstitucionais.gov.br;CAIXA ECONOMICA FEDERAL
http://www.investinbrazil.gov.br;investinbrazil.gov.br;SECRETARIA DE ESTADO DA ADMINISTRACAO E PATRIMONIO
http://www.ipardes.gov.br;ipardes.gov.br;INSTITUTO PARANAENSE DE DESENVOLVIMENTO ECONOMICO
http://www.ipea.gov.br;ipea.gov.br;IPEA -INSTITUTO DE PESQUISA ECONOMICA APLICADA
http://www.ipeadata.gov.br;ipeadata.gov.br;IPEA -INSTITUTO DE PESQUISA ECONOMICA APLICADA
http://www.iphan.gov.br;iphan.gov.br;INSTITUTO DO PATRIMONIO HISTORICO E ARTISTICO NAC.
http://www.ipp.gov.br;ipp.gov.br;INSTITUTO PHILIPPE PINEL
http://www.ipsm.gov.br;ipsm.gov.br;INSTITUTO DE PREVIDENCIA DOS SERVIDORES MILITARES
http://www.irb-brasilre.gov.br;irb-brasilre.gov.br;IRB - BRASIL RESSEGUROS SA
http://www.irb.gov.br;irb.gov.br;IRB - BRASIL RESSEGUROS SA
http://www.irbbrasilre.gov.br;irbbrasilre.gov.br;IRB - BRASIL RESSEGUROS SA
http://www.ird.gov.br;ird.gov.br;INSTITUTO DE RADIOPROTECAO E DOSIMETRIA
http://www.itaipu.gov.br;itaipu.gov.br;ITAIPU BINACIONAL
http://www.itamaraty.gov.br;itamaraty.gov.br;MINISTERIO DAS RELACOES EXTERIORES
http://www.iti.gov.br;iti.gov.br;INSTITUTO NACIONAL DE TECNOLOGIA INFORMACAO - ITI
http://www.iec.gov.br;iec.gov.br;INSTITUTO EVANDRO CHAGAS
http://www.jbrj.gov.br;jbrj.gov.br;INSTITUTO DE PESQUISAS JARDIM BOTANICO DO RIO =
http://www.jef-pr.gov.br;jef-pr.gov.br;JUSTICA FEDERAL DE PRIMEIRO GRAU NO RS
http://www.jef-rs.gov.br;jef-rs.gov.br;JUSTICA FEDERAL DE PRIMEIRO GRAU NO RS
http://www.jef-sc.gov.br;jef-sc.gov.br;JUSTICA FEDERAL DE PRIMEIRO GRAU NO RS
http://www.jf.gov.br;jf.gov.br;CONSELHO DA JUSTICA FEDERAL
http://www.jfal.gov.br;jfal.gov.br;JUSTICA FEDERAL DE PRIMEIRA INSTANCIA
http://www.jfce.gov.br;jfce.gov.br;JUSTICA FEDERAL DO CEARA
http://www.jfceara.gov.br;jfceara.gov.br;JUSTICA FED DE PRIM INST SECAO JUD DO CEARA
http://www.jfes.gov.br;jfes.gov.br;JUSTICA FEDERAL DE 1 GRAU NO ESPIRITO SANTO
http://www.jfms.gov.br;jfms.gov.br;JUSTICA FEDERAL DE 1 INSTANCIA
http://www.jfpb.gov.br;jfpb.gov.br;JUSTICA FEDERAL DE PRIMEIRA INSTANCIA
http://www.jfpe.gov.br;jfpe.gov.br;JUSTICA FEDERAL DE 1A INSTANCIA
http://www.jfpr.gov.br;jfpr.gov.br;JUSTICA FEDERAL DE PRIMEIRO GRAU NO PARANA
http://www.jfrj.gov.br;jfrj.gov.br;JUSTICA FEDERAL DE PRIMEIRO GRAU NO RIO DE JANEIR
http://www.jfrn.gov.br;jfrn.gov.br;JUSTICA FEDERAL DO RIO GRANDE DO NORTE 
http://www.jfrs.gov.br;jfrs.gov.br;JUSTICA FEDERAL DE PRIMEIRO GRAU NO RS
http://www.jfsc.gov.br;jfsc.gov.br;JUSTICA FEDERAL DE PRIMEIRO GRAU EM SANTA CATARINA
http://www.jfse.gov.br;jfse.gov.br;JUSTICA FEDERAL - SECAO JUDICIARIA DO ESTADO DE SE
http://www.jfsp.gov.br;jfsp.gov.br;JUSTICA FEDERAL DE SAO PAULO 
http://www.jornadasdip.gov.br;jornadasdip.gov.br;MINISTERIO DAS RELACOES EXTERIORES DCD
http://www.jt.gov.br;jt.gov.br;TRIBUNAL SUPERIOR DO TRABALHO
http://www.justica.gov.br;justica.gov.br;MINISTERIO DA JUSTICA
http://www.justicadotrabalho.gov.br;justicadotrabalho.gov.br;TRIBUNAL SUPERIOR DO TRABALHO
http://www.justicaeleitoral.gov.br;justicaeleitoral.gov.br;TRIBUNAL SUPERIOR ELEITORAL
http://www.justicafederal.gov.br;justicafederal.gov.br;CONSELHO DA JUSTICA FEDERAL
http://www.justra.gov.br;justra.gov.br;TRIBUNAL SUPERIOR DO TRABALHO
http://www.juventude.gov.br;juventude.gov.br;PRESIDENCIA DA REPUBLICA
http://www.jcdf.gov.br;jcdf.gov.br;MINISTERIO DO DESENVOLVIMENTO INDUSTRIA E COMERCIO
http://www.justiça.gov.br;justiça.gov.br;MINISTERIO DA JUSTICA
http://www.lapa-pe.gov.br;lapa-pe.gov.br;MINISTERIO DA AGRICULTURA - DFA - LAPA - RECIFE
http://www.laracps.gov.br;laracps.gov.br;LABORATORIO REGIONAL DE APOIO ANIMAL
http://www.lexml.gov.br;lexml.gov.br;SENADO FEDERAL
http://www.linea.gov.br;linea.gov.br;LABORATORIO NACIONAL DE COMPUTACAO CIENTIFICA
http://www.linuxseguro.gov.br;linuxseguro.gov.br;AGENCIA BRASILEIRA DE INTELIGENCIA
http://www.lojacaixa.gov.br;lojacaixa.gov.br;CAIXA ECONOMICA FEDERAL
http://www.loteca.gov.br;loteca.gov.br;CAIXA ECONOMICA FEDERAL
http://www.loteriaesportiva.gov.br;loteriaesportiva.gov.br;CAIXA ECONOMICA FEDERAL
http://www.loteriafederal.gov.br;loteriafederal.gov.br;CAIXA ECONOMICA FEDERAL
http://www.loterias.gov.br;loterias.gov.br;CAIXA ECONOMICA FEDERAL
http://www.loteriascaixa.gov.br;loteriascaixa.gov.br;CAIXA ECONOMICA FEDERAL
http://www.loto-tauloteriadacopa.gov.br;loto-tauloteriadacopa.gov.br;CAIXA ECONOMICA FEDERAL
http://www.lotofacil.gov.br;lotofacil.gov.br;CAIXA ECONOMICA FEDERAL
http://www.lotomania.gov.br;lotomania.gov.br;CAIXA ECONOMICA FEDERAL
http://www.ls.gov.br;ls.gov.br;AGENCIA BRASILEIRA DE INTELIGENCIA
http://www.labcluster.gov.br;labcluster.gov.br;MINISTERIO DO PLANEJAMENTO, ORCAMENTO E GESTAO
http://www.logisticabrasil.gov.br;logisticabrasil.gov.br;EMPRESA DE PLANEJAMENTO E LOGISTICA S A - EPL
http://www.logisticsbrazil.gov.br;logisticsbrazil.gov.br;EMPRESA DE PLANEJAMENTO E LOGISTICA S A - EPL
http://www.ma.gov.br;ma.gov.br;SEPLAN - GOVERNO DO ESTADO DO MARANHAO
http://www.maerj.gov.br;maerj.gov.br;DEPARTAMENTO DE CONTROLE DO ESPACO AEREO - SDTI
http://www.maisambiente.gov.br;maisambiente.gov.br;INSTITUTO BRASILEIRO DO MEIO AMBIENTE
http://www.maisbrasil.gov.br;maisbrasil.gov.br;PRESIDENCIA DA REPUBLICA
http://www.manausenergia.gov.br;manausenergia.gov.br;MANAUS ENERGIA S/A
http://www.maranhao.gov.br;maranhao.gov.br;SEPLAN - GOVERNO DO ESTADO DO MARANHAO
http://www.marinha.gov.br;marinha.gov.br;CENTRO DE TECNOLOGIA DA INFORMACAO DA MARINHA
http://www.mb.gov.br;mb.gov.br;CENTRO DE TECNOLOGIA DA INFORMACAO DA MARINHA
http://www.mc.gov.br;mc.gov.br;MINISTERIO DAS COMUNICACOES
http://www.mct.gov.br;mct.gov.br;MINISTERIO DA CIENCIA E TECNOLOGIA
http://www.mda.gov.br;mda.gov.br;MINISTERIO DO DESENVOLVIMENTO AGRARIO
http://www.mdic.gov.br;mdic.gov.br;MINISTERIO DO DESENVOLVIMENTO INDUSTRIA E COMERCIO
http://www.mds.gov.br;mds.gov.br;DTI/SE/MDS E COMBATE A FOME
http://www.mec.gov.br;mec.gov.br;MINISTERIO DA EDUCACAO
http://www.mega-sena.gov.br;mega-sena.gov.br;CAIXA ECONOMICA FEDERAL
http://www.megasena.gov.br;megasena.gov.br;CAIXA ECONOMICA FEDERAL
http://www.meioambiente.gov.br;meioambiente.gov.br;MINISTERIO DO MEIO AMBIENTE
http://www.meioambientedobrasil.gov.br;meioambientedobrasil.gov.br;MINISTERIO DO MEIO AMBIENTE
http://www.memoriasreveladas.gov.br;memoriasreveladas.gov.br;ARQUIVO NACIONAL
http://www.mercadopublico.gov.br;mercadopublico.gov.br;MINISTERIO DO PLANEJAMENTO, ORCAMENTO E GESTAO
http://www.mercosul.gov.br;mercosul.gov.br;MINISTERIO DAS RELACOES EXTERIORES
http://www.metrobh.gov.br;metrobh.gov.br;COMPANHIA BRASILEIRA DE TRENS URBANOS
http://www.mg.gov.br;mg.gov.br;COMPANHIA DE TECNOLOGIA DA INFORMACAO ESTADO MG
http://www.mi.gov.br;mi.gov.br;MINISTERIO DA INTEGRACAO NACIONAL
http://www.mict.gov.br;mict.gov.br;MINISTERIO DO DESENVOLVIMENTO INDUSTRIA E COMERCIO
http://www.minc.gov.br;minc.gov.br;MINISTERIO DA CULTURA
http://www.mincrj.gov.br;mincrj.gov.br;MINISTERIO DA CULTURA
http://www.mincsp.gov.br;mincsp.gov.br;MINISTERIO DA CULTURA
http://www.minhacasaminhavida.gov.br;minhacasaminhavida.gov.br;PRESIDENCIA DA REPUBLICA
http://www.ministeriodomeioambiente.gov.br;ministeriodomeioambiente.gov.br;MINISTERIO DO MEIO AMBIENTE
http://www.ministeriopublicodf.gov.br;ministeriopublicodf.gov.br;MINISTERIO PUBLICO DO DF E TERRITORIOS
http://www.mj.gov.br;mj.gov.br;MINISTERIO DA JUSTICA
http://www.mls.gov.br;mls.gov.br;IPHAN/MUSEU LASAR SEGALL
http://www.mma.gov.br;mma.gov.br;MINISTERIO DO MEIO AMBIENTE
http://www.mme.gov.br;mme.gov.br;MINISTERIO DE MINAS E ENERGIA
http://www.mnba.gov.br;mnba.gov.br;MUSEU NACIONAL DE BELAS ARTES
http://www.monumenta.gov.br;monumenta.gov.br;MINISTERIO DA CULTURA
http://www.mp-df.gov.br;mp-df.gov.br;MINISTERIO PUBLICO DO DF E TERRITORIOS
http://www.mp.gov.br;mp.gov.br;MINISTERIO DO PLANEJAMENTO, ORCAMENTO E GESTAO
http://www.mpa.gov.br;mpa.gov.br;MINISTERIO DA PESCA E AQUICULTURA
http://www.mpas.gov.br;mpas.gov.br;MINISTERIO DA PREVIDENCIA E ASSISTENCIA SOCIAL
http://www.mpdf.gov.br;mpdf.gov.br;MINISTERIO PUBLICO DO DF E TERRITORIOS
http://www.mpdft.gov.br;mpdft.gov.br;MINISTERIO PUBLICO DO DF E TERRITORIOS
http://www.mpes.gov.br;mpes.gov.br;MINISTERIO PUBLICO DO ESTADO DO ESPIRITO SANTO
http://www.mpf.gov.br;mpf.gov.br;MINISTERIO PUBLICO FEDERAL - PROCURADORIA GERAL DA
http://www.mpm.gov.br;mpm.gov.br;MINISTERIO PUBLICO MILITAR
http://www.mps.gov.br;mps.gov.br;MINISTERIO DA PREVIDENCIA SOCIAL
http://www.mpt.gov.br;mpt.gov.br;MINISTERIO PUBLICO DO TRABALHO
http://www.mpu.gov.br;mpu.gov.br;MINISTERIO PUBLICO DA UNIAO
http://www.mre.gov.br;mre.gov.br;MINISTERIO DAS RELACOES EXTERIORES
http://www.ms.gov.br;ms.gov.br;GOVERNO DO ESTADO DE MATO GROSSO DO SUL
http://www.mt.gov.br;mt.gov.br;MATO GROSSO GOVERNO DO ESTADO
http://www.mtb.gov.br;mtb.gov.br;MINISTERIO DO TRABALHO E EMPREGO
http://www.mtbauru.gov.br;mtbauru.gov.br;MINISTERIO DO TRABALHO E EMPREGO
http://www.mtbe.gov.br;mtbe.gov.br;MINISTERIO DO TRABALHO E EMPREGO
http://www.mte.gov.br;mte.gov.br;MINISTERIO DO TRABALHO E EMPREGO
http://www.mtecbo.gov.br;mtecbo.gov.br;MINISTERIO DO TRABALHO E EMPREGO
http://www.mtecbo2000.gov.br;mtecbo2000.gov.br;MINISTERIO DO TRABALHO E EMPREGO
http://www.mtur.gov.br;mtur.gov.br;EMBRATUR INSTITUTO BRASILEIRO DE TURISMO
http://www.mulheres.gov.br;mulheres.gov.br;SECRETARIA ESPECIAL DE POLITICAS PARA AS MULHERES
http://www.mulhergoverno.gov.br;mulhergoverno.gov.br;MINISTERIO DO PLANEJAMENTO, ORCAMENTO E GESTAO
http://www.museudainconfidencia.gov.br;museudainconfidencia.gov.br;IPHAN - MUSEU DA INCONFIDENCIA
http://www.museudebiologiamelloleitao.gov.br;museudebiologiamelloleitao.gov.br;MUSEU DE BIOLOGIA PROFESSOR MELLO LEITAO
http://www.museudoindio.gov.br;museudoindio.gov.br;MUSEU DO INDIO - FUNDACAO NACIONAL DO INDIO
http://www.museuimperial.gov.br;museuimperial.gov.br;MUSEU IMPERIAL
http://www.museulasarsegall.gov.br;museulasarsegall.gov.br;INSTITUTO BRASILEIRO DE MUSEUS - IBRAM
http://www.museus.gov.br;museus.gov.br;INSTITUTO DO PATRIMONIO HISTORICO E ARTISTICO NAC.
http://www.museuvictormeirelles.gov.br;museuvictormeirelles.gov.br;INSTITUTO BRASILEIRO DE MUSEUS - IBRAM
http://www.maismedico.gov.br;maismedico.gov.br;EMPRESA BRASILEIRA DE SERVICOS HOSPITALARES
http://www.maismedicos.gov.br;maismedicos.gov.br;EMPRESA BRASILEIRA DE SERVICOS HOSPITALARES
http://www.mcti.gov.br;mcti.gov.br;MINISTERIO DA CIENCIA, TECNOLOGIA E INOVACAO
http://www.microepequenaempresa.gov.br;microepequenaempresa.gov.br;SECRETARIA DA MICRO E PEQUENA EMPRESA
http://www.migrantes.gov.br;migrantes.gov.br;MINISTERIO DA JUSTICA
http://www.nae.gov.br;nae.gov.br;PRESIDENCIA DA REPUBLICA
http://www.nead.gov.br;nead.gov.br;INCRA/INSTITUTO NACIONAL DE COLON E REF. AGRARIA
http://www.netgoverno.gov.br;netgoverno.gov.br;COMPANHIA DE INFORMATICA DO PARANA - CELEPAR
http://www.netminas.gov.br;netminas.gov.br;COMPANHIA DE TECNOLOGIA DA INFORMACAO ESTADO MG
http://www.nex.gov.br;nex.gov.br;MINISTERIO DAS RELACOES EXTERIORES
http://www.niteroi-artes.gov.br;niteroi-artes.gov.br;FUNDACAO DE ARTE DE NITEROI
http://www.nordestedigital.gov.br;nordestedigital.gov.br;BANCO DO NORDESTE DO BRASIL S/A
http://www.nordesteeletronico.gov.br;nordesteeletronico.gov.br;BANCO DO NORDESTE DO BRASIL S/A
http://www.nordestenegocios.gov.br;nordestenegocios.gov.br;BANCO DO NORDESTE DO BRASIL S/A
http://www.nossoambiente.gov.br;nossoambiente.gov.br;MINISTERIO DO MEIO AMBIENTE
http://www.novoaeroportorecife.gov.br;novoaeroportorecife.gov.br;INFRAERO - EMPRESA BRASILEIRA DE INFRA-ESTRUTURA
http://www.nuclebras.gov.br;nuclebras.gov.br;NUCLEBRAS EQUIPAMENTOS PESADOS S.A.
http://www.nuclep.gov.br;nuclep.gov.br;NUCLEBRAS EQUIPAMENTOS PESADOS S.A.
http://www.noticias.gov.br;noticias.gov.br;MINISTERIO DO PLANEJAMENTO, ORCAMENTO E GESTAO
http://www.obrasnet.gov.br;obrasnet.gov.br;SERVICO FEDERAL DE PROCESSAMENTO DE DADOS - SERPRO
http://www.obscriancaeadolescente.gov.br;obscriancaeadolescente.gov.br;SECRETARIA DE DIREITOS HUMANOS
http://www.observatoriodegenero.gov.br;observatoriodegenero.gov.br;PRESIDENCIA DA REPUBLICA
http://www.oconsumidor.gov.br;oconsumidor.gov.br;INMETRO-INS. NAC. DE METROLOG. QUALID. E TECNOLG.
http://www.officebankingsocial.gov.br;officebankingsocial.gov.br;CAIXA ECONOMICA FEDERAL
http://www.olacefs.gov.br;olacefs.gov.br;TRIBUNAL DE CONTAS DA UNIAO
http://www.olaturista.gov.br;olaturista.gov.br;EMBRATUR INSTITUTO BRASILEIRO DE TURISMO
http://www.opeixeeaartedepescar.gov.br;opeixeeaartedepescar.gov.br;CAMARA DOS DEPUTADOS
http://www.orcamentofederal.gov.br;orcamentofederal.gov.br;SERVICO FEDERAL DE PROCESSAMENTO DE DADOS - SERPRO
http://www.orint.gov.br;orint.gov.br;AGENCIA BRASILEIRA DE INTELIGENCIA
http://www.ouvidoriadoservidor.gov.br;ouvidoriadoservidor.gov.br;SERVICO FEDERAL DE PROCESSAMENTO DE DADOS - SERPRO
http://www.ouvidorias.gov.br;ouvidorias.gov.br;CONTROLADORIA-GERAL DA UNIAO
http://www.odmbrasil.gov.br;odmbrasil.gov.br;PRESIDENCIA DA REPUBLICA - SECRETARIA DE ADMNISTRACAO
http://www.orcamento.gov.br;orcamento.gov.br;MINISTERIO DO PLANEJAMENTO,ORCAMENTO E GESTAO
http://www.observatoriodaindustria.gov.br;observatoriodaindustria.gov.br;MINISTERIO DO DESENVOLVIMENTO INDUSTRIA E COMERCIO
http://www.p2r2.gov.br;p2r2.gov.br;MINISTERIO DO MEIO AMBIENTE
http://www.pa.gov.br;pa.gov.br;GOVERNO DO ESTADO DO PARA
http://www.pac.gov.br;pac.gov.br;SERVICO FEDERAL DE PROCESSAMENTO DE DADOS - SERPRO
http://www.palmares.gov.br;palmares.gov.br;FUNDACAO CULTURAL PALMARES / MINC
http://www.pame.gov.br;pame.gov.br;PARQUE DE MATERIAL DE ELETRONICA DA AERONAUTICA
http://www.parana.gov.br;parana.gov.br;COMPANHIA DE INFORMATICA DO PARANA - CELEPAR
http://www.paranaeleitoral.gov.br;paranaeleitoral.gov.br;TRIBUNAL REGIONAL ELEITORAL DO PARANA
http://www.passaporteverde.gov.br;passaporteverde.gov.br;MINISTERIO DO MEIO AMBIENTE
http://www.patrimoniodetodos.gov.br;patrimoniodetodos.gov.br;SECRETARIA DO PATROMONIO DA UNIAO
http://www.pb.gov.br;pb.gov.br;COMPANHIA DE PROCESSAMENTO DE DADOS DA PARAIBA
http://www.pbh.gov.br;pbh.gov.br;EMP. INFORMAT. INFORMACAO MUN. BH/SA
http://www.pbqp-h.gov.br;pbqp-h.gov.br;MINISTERIO DAS CIDADES
http://www.pbqp.gov.br;pbqp.gov.br;INMETRO-INS. NAC. DE METROLOG. QUALID. E TECNOLG.
http://www.pcdl.gov.br;pcdl.gov.br;PRIMEIRA COMISSAO BRASILEIRA DEMARCADORA DE LIMITE
http://www.pdp.gov.br;pdp.gov.br;MINISTERIO DO DESENVOLVIMENTO INDUSTRIA E COMERCIO
http://www.pe.gov.br;pe.gov.br;AGENCIA ESTADUAL DE TECNOLOGIA DA INFORMACAO - ATI
http://www.pernambuco.gov.br;pernambuco.gov.br;AGENCIA ESTADUAL DE TECNOLOGIA DA INFORMACAO - ATI
http://www.pescabrasil.gov.br;pescabrasil.gov.br;MINISTERIO DA PESCA E AQUICULTURA
http://www.pessoacomdeficiencia.gov.br;pessoacomdeficiencia.gov.br;MINISTERIO DA JUSTICA
http://www.peticaoeletronica.gov.br;peticaoeletronica.gov.br;JUSTICA FEDERAL DE PRIMEIRO GRAU NO RS
http://www.petrobras.gov.br;petrobras.gov.br;PETROLEO BRASILEIRO S/A - PETROBRAS
http://www.pf.gov.br;pf.gov.br;DEPARTAMENTO DE POLICIA FEDERAL
http://www.pgfn.gov.br;pgfn.gov.br;SERVICO FEDERAL DE PROCESSAMENTO DE DADOS - SERPRO
http://www.pgr.gov.br;pgr.gov.br;MINISTERIO PUBLICO FEDERAL - PROCURADORIA GERAL DA
http://www.pi.gov.br;pi.gov.br;PRODEPI - EMP. DE INFORMATICA DO PIAUI
http://www.pimentalonga.gov.br;pimentalonga.gov.br;EMBRAPA - ACRE
http://www.planalto.gov.br;planalto.gov.br;PRESIDENCIA DA REPUBLICA
http://www.planejamento.gov.br;planejamento.gov.br;SECRETARIA DE ESTADO DA ADMINISTRACAO E PATRIMONIO
http://www.planejamentoterritorial.gov.br;planejamentoterritorial.gov.br;MINISTERIO DO PLANEJAMENTO, ORCAMENTO E GESTAO
http://www.planobrasil.gov.br;planobrasil.gov.br;SECRETARIA DE ESTADO DA ADMINISTRACAO E PATRIMONIO
http://www.plenarinho.gov.br;plenarinho.gov.br;CAMARA DOS DEPUTADOS
http://www.pmss.gov.br;pmss.gov.br;MINISTERIO DAS CIDADES
http://www.pncda.gov.br;pncda.gov.br;MINISTERIO DAS CIDADES
http://www.pnll.gov.br;pnll.gov.br;MINISTERIO DA CULTURA
http://www.policiafederal.gov.br;policiafederal.gov.br;DEPARTAMENTO DE POLICIA FEDERAL
http://www.politicasmulheres.gov.br;politicasmulheres.gov.br;SECRETARIA ESPECIAL DE POLITICAS PARA AS MULHERES
http://www.pormin.gov.br;pormin.gov.br;DEPARTAMENTO NACIONAL DE PRODUCAO MINERAL
http://www.portalambiental.gov.br;portalambiental.gov.br;MINISTERIO DO MEIO AMBIENTE
http://www.portalbrasil.gov.br;portalbrasil.gov.br;EMPRESA BRASIL DE COMUNICACAO S.A. - EBC
http://www.portalcofen.gov.br;portalcofen.gov.br;CONSELHO FEDERAL DE ENFERMAGEM
http://www.portalcoren-rs.gov.br;portalcoren-rs.gov.br;CONSELHO REGIONAL DE ENFERMAGEM - RS
http://www.portaldaexportacao.gov.br;portaldaexportacao.gov.br;MINISTERIO DO DESENVOLVIMENTO
http://www.portaldaigualdade.gov.br;portaldaigualdade.gov.br;SECRETARIA ESPECIAL DE POLITICAS DE PROMOCAO DA IG
http://www.portaldajustica.gov.br;portaldajustica.gov.br;SUPERIOR TRIBUNAL DE JUSTICA
http://www.portaldasaguas.gov.br;portaldasaguas.gov.br;AGENCIA NACIONAL DE AGUAS
http://www.portaldatransparencia.gov.br;portaldatransparencia.gov.br;CONTROLADORIA-GERAL DA UNIAO
http://www.portaldoconsumidor.gov.br;portaldoconsumidor.gov.br;INMETRO-INS. NAC. DE METROLOG. QUALID. E TECNOLG.
http://www.portaldoempreendedor.gov.br;portaldoempreendedor.gov.br;MINISTERIO DO DESENVOLVIMENTO INDUSTRIA E COMERCIO
http://www.portaldoexportador.gov.br;portaldoexportador.gov.br;MINISTERIO DO DESENVOLVIMENTO INDUSTRIA E COMERCIO
http://www.portaldoinvestidor.gov.br;portaldoinvestidor.gov.br;CVM - COMISSAO DE VALORES MOBILIARIOS
http://www.portalexporta.gov.br;portalexporta.gov.br;MINISTERIO DO DESENVOLVIMENTO
http://www.portalexportacao.gov.br;portalexportacao.gov.br;MINISTERIO DO DESENVOLVIMENTO INDUSTRIA E COMERCIO
http://www.portalfederativo.gov.br;portalfederativo.gov.br;IPEA -INSTITUTO DE PESQUISA ECONOMICA APLICADA
http://www.portalgoverno.gov.br;portalgoverno.gov.br;SERVICO FEDERAL DE PROCESSAMENTO DE DADOS - SERPRO
http://www.portaljt.gov.br;portaljt.gov.br;TRIBUNAL SUPERIOR DO TRABALHO
http://www.portalplanalto.gov.br;portalplanalto.gov.br;SECRETARIA DE COMUNICACAO SOCIAL
http://www.portaltransparencia.gov.br;portaltransparencia.gov.br;CONTROLADORIA-GERAL DA UNIAO
http://www.portodesantos.gov.br;portodesantos.gov.br;COMPANHIA DOCAS DO EST DE SAO PAULO - CODESP
http://www.portodevitoria.gov.br;portodevitoria.gov.br;COMPANHIA DOCAS DO ESPIRITO SANTO
http://www.portosdobrasil.gov.br;portosdobrasil.gov.br;PRESIDENCIA DA REPUBLICA
http://www.portosempapel.gov.br;portosempapel.gov.br;SECRETARIA DE PORTOS DA PRESIDENCIA DA REPUBLICA
http://www.portosrio.gov.br;portosrio.gov.br;COMPANHIA DOCAS DO RIO DE JANEIRO
http://www.postal.gov.br;postal.gov.br;CAIXA ECONOMICA FEDERAL
http://www.poupeenergia.gov.br;poupeenergia.gov.br;MINISTERIO DE MINAS E ENERGIA
http://www.ppcaam.gov.br;ppcaam.gov.br;SECRETARIA DE DIREITOS HUMANOS
http://www.pr.gov.br;pr.gov.br;COMPANHIA DE INFORMATICA DO PARANA - CELEPAR
http://www.pracas.gov.br;pracas.gov.br;MINISTERIO DA CULTURA
http://www.pracasdopac.gov.br;pracasdopac.gov.br;MINISTERIO DA EDUCACAO
http://www.prap.gov.br;prap.gov.br;PROCURADORIA DA REPUBLICA NO ESTADO DO AMAPA
http://www.premio-e.gov.br;premio-e.gov.br;SECRETARIA DE ESTADO DA ADMINISTRA
http://www.premioconservacaoenergia.gov.br;premioconservacaoenergia.gov.br;CENTRAIS ELETRICAS BRASILEIRAS SA
http://www.preps.gov.br;preps.gov.br;MINISTERIO DA PESCA E AQUICULTURA
http://www.presidencia.gov.br;presidencia.gov.br;PRESIDENCIA DA REPUBLICA
http://www.presidenciadarepublica.gov.br;presidenciadarepublica.gov.br;PRESIDENCIA DA REPUBLICA
http://www.previdencia.gov.br;previdencia.gov.br;DATAPREV EMPRESA DE PROC. DE DADOS DA PREVIDENCIA
http://www.pru5.gov.br;pru5.gov.br;ADVOCACIA GERAL DA UNIAO
http://www.purn.gov.br;purn.gov.br;PROCURADORIA DA UNIAO NO RN
http://www.promocaocomercial.gov.br;promocaocomercial.gov.br;MIN. RELACOES EXTERIORES DEPTO PROMOCAO COMERCIAL
http://www.participa.gov.br;participa.gov.br;SECRETARIA-GERAL DA PRESIDENCIA DA REPUBLICA
http://www.participe.gov.br;participe.gov.br;SECRETARIA-GERAL DA PRESIDENCIA DA REPUBLICA
http://www.participo.gov.br;participo.gov.br;SECRETARIA-GERAL DA PRESIDENCIA DA REPUBLICA
http://www.portalconsular.gov.br;portalconsular.gov.br;MINISTERIO DAS RELACOES EXTERIORES
http://www.portaldacopa.gov.br;portaldacopa.gov.br;ME - MINISTERIO DO ESPORTE
http://www.programaarpa.gov.br;programaarpa.gov.br;MINISTERIO DO MEIO AMBIENTE
http://www.protocolointegrado.gov.br;protocolointegrado.gov.br;MINISTERIO DO PLANEJAMENTO, ORCAMENTO E GESTAO
http://www.previc.gov.br;previc.gov.br;DATAPREV EMPRESA DE PROC. DE DADOS DA PREVIDENCIA
http://www.prplanalto.gov.br;prplanalto.gov.br;PRESIDENCIA DA REPUBLICA
http://www.portalsiscomex.gov.br;portalsiscomex.gov.br;SERVICO FEDERAL DE PROCESSAMENTO DE DADOS - SERPRO
http://www.qualidadedealimentos.gov.br;qualidadedealimentos.gov.br;MINISTERIO DA JUSTICA
http://www.qualidadedoleite.gov.br;qualidadedoleite.gov.br;MINISTERIO DA JUSTICA
http://www.quina.gov.br;quina.gov.br;CAIXA ECONOMICA FEDERAL
http://www.quiosque.gov.br;quiosque.gov.br;SERVICO FEDERAL DE PROCESSAMENTO DE DADOS - SERPRO
http://www.quiosqueredegoverno.gov.br;quiosqueredegoverno.gov.br;SERVICO FEDERAL DE PROCESSAMENTO DE DADOS - SERPRO
http://www.radiobras.gov.br;radiobras.gov.br;EMPRESA BRASIL DE COMUNICACAO S.A. - EBC
http://www.radiocamara.gov.br;radiocamara.gov.br;CAMARA DOS DEPUTADOS
http://www.radiojustica.gov.br;radiojustica.gov.br;SUPREMO TRIBUNAL FEDERAL
http://www.rais.gov.br;rais.gov.br;SERVICO FEDERAL DE PROCESSAMENTO DE DADOS - SERPRO
http://www.rapidinha.gov.br;rapidinha.gov.br;CAIXA ECONOMICA FEDERAL
http://www.raspadinhadacaixa.gov.br;raspadinhadacaixa.gov.br;CAIXA ECONOMICA FEDERAL
http://www.raspadinhafederal.gov.br;raspadinhafederal.gov.br;CAIXA ECONOMICA FEDERAL
http://www.rb.gov.br;rb.gov.br;FUNDACAO CASA DE RUI BARBOSA
http://www.rbmlq.gov.br;rbmlq.gov.br;INMETRO INSTITUTO NAC DE METROL NORM E QUAL INDUST
http://www.receita.gov.br;receita.gov.br;SERVICO FEDERAL DE PROCESSAMENTO DE DADOS - SERPRO
http://www.redeagentes.gov.br;redeagentes.gov.br;MINISTERIO DO DESENVOLVIMENTO INDUSTRIA E COMERCIO
http://www.redebrasil.gov.br;redebrasil.gov.br;MINISTERIO DA CIENCIA E TECNOLOGIA
http://www.redecidadao.gov.br;redecidadao.gov.br;COMPANHIA DE INFORMATICA DO PARANA - CELEPAR
http://www.redecontrole.gov.br;redecontrole.gov.br;TRIBUNAL DE CONTAS DA UNIAO
http://www.rededecontrole.gov.br;rededecontrole.gov.br;TRIBUNAL DE CONTAS DA UNIAO
http://www.rededojudiciario.gov.br;rededojudiciario.gov.br;SUPREMO TRIBUNAL FEDERAL
http://www.rededopoderjudiciario.gov.br;rededopoderjudiciario.gov.br;SUPREMO TRIBUNAL FEDERAL
http://www.redefloresta.gov.br;redefloresta.gov.br;CENTRAIS ELETRICAS DO NORTE DO BRASIL
http://www.redegeochronos.gov.br;redegeochronos.gov.br;COMPANHIA DE PESQUISA DE RECURSOS MINERAIS
http://www.redegoverno.gov.br;redegoverno.gov.br;SERVICO FEDERAL DE PROCESSAMENTO DE DADOS - SERPRO
http://www.redejudiciario.gov.br;redejudiciario.gov.br;SUPREMO TRIBUNAL FEDERAL
http://www.redesocial.gov.br;redesocial.gov.br;SECRETARIA DE ESTADO DA ADMINISTRACAO E PATRIMONIO
http://www.reformaagraria.gov.br;reformaagraria.gov.br;MINISTERIO DO DESENVOLVIMENTO AGRARIO
http://www.reformapostal.gov.br;reformapostal.gov.br;EMPRESA BRASILEIRA DE CORREIOS E TELEGRAFOS
http://www.regulacao.gov.br;regulacao.gov.br;PRESIDENCIA DA REPUBLICA
http://www.relacoesinstitucionais.gov.br;relacoesinstitucionais.gov.br;SECRETARIA DE RELACOES INSTITUCIONAIS DA PRESIDENC
http://www.reluz.gov.br;reluz.gov.br;CENTRAIS ELETRICAS BRASILEIRAS SA
http://www.renapi.gov.br;renapi.gov.br;INSTITUTO FEDERAL DE BRASILIA
http://www.reste.gov.br;reste.gov.br;COMPANHIA DE PESQUISA DE RECURSOS MINERAIS
http://www.retp.gov.br;retp.gov.br;MINISTERIO DO MEIO AMBIENTE
http://www.rfb.gov.br;rfb.gov.br;MINISTERIO DA FAZENDA
http://www.rffsa.gov.br;rffsa.gov.br;REDE FERROVIARIA FEDERAL S.A.
http://www.rio.gov.br;rio.gov.br;EMPRESA MUNICIPAL DE INFORMATICA S/A
http://www.rio20.gov.br;rio20.gov.br;MINISTERIO DAS RELACOES EXTERIORES
http://www.riocmsi.gov.br;riocmsi.gov.br;SERVICO FEDERAL DE PROCESSAMENTO DE DADOS - SERPRO
http://www.rj.gov.br;rj.gov.br;PRODERJ-CENTRO DE TECNOLOGIA DA INFORMACAO DO RJ
http://www.rn.gov.br;rn.gov.br;GOVERNO DO ESTADO DO RIO GRANDE DO NORTE
http://www.rndh.gov.br;rndh.gov.br;MINISTERIO DA JUSTICA
http://www.rni.gov.br;rni.gov.br;REDE NORTERIOGRANDESE DE INFORMATICA - RNI
http://www.ro.gov.br;ro.gov.br;SECRETARIA DE ESTADO - SEPLAD - RO
http://www.rpp.gov.br;rpp.gov.br;FUNDACAO DE AMPARO A PESQUISA DO ESTADO DO PIAUI
http://www.rr.gov.br;rr.gov.br;GOVERNO DO ESTADO DE RORAIMA
http://www.rs.gov.br;rs.gov.br;PROCERGS - CIA DE PROCESSAMENTO DE DADOS DO RGS
http://www.ruralminas.gov.br;ruralminas.gov.br;FUNDACAO RURAL MINEIRA - RURALMINAS
http://www.rotasdascidades.gov.br;rotasdascidades.gov.br;MINISTERIO DAS CIDADES
http://www.redepcs.gov.br;redepcs.gov.br;MINISTERIO DO MEIO AMBIENTE
http://www.rap.gov.br;rap.gov.br;MINISTERIO PUBLICO DO ESTADO DO RIO DE JANEIRO
http://www.recadastramento.gov.br;recadastramento.gov.br;MINISTERIO DO PLANEJAMENTO, ORCAMENTO E GESTAO
http://www.redemulheres.gov.br;redemulheres.gov.br;MINISTERIO DO MEIO AMBIENTE
http://www.registrocivil.gov.br;registrocivil.gov.br;SECRETARIA DE DIREITOS HUMANOS
http://www.relacoesexteriores.gov.br;relacoesexteriores.gov.br;MINISTERIO DAS RELACOES EXTERIORES
http://www.sacoeumsaco.gov.br;sacoeumsaco.gov.br;MINISTERIO DO MEIO AMBIENTE
http://www.sae.gov.br;sae.gov.br;PRESIDENCIA DA REPUBLICA
http://www.saemec.gov.br;saemec.gov.br;INSTITUTO NACIONAL DE ESTUDOS E PESQUISAS EDUCACIO
http://www.saofrancisco.gov.br;saofrancisco.gov.br;COMPANHIA DE PESQUISA DE RECURSOS MINERAIS - CPRM
http://www.saude.gov.br;saude.gov.br;MINISTERIO DA SAUDE
http://www.saudesuplementar.gov.br;saudesuplementar.gov.br;AGENCIA NACIONAL DE SAUDE SUPLEMENTAR
http://www.sc.gov.br;sc.gov.br;CENTRO DE INFORMATICA E AUTOMACAO DO ESTADO DE SC
http://www.scdl.gov.br;scdl.gov.br;SEG. COM. BRAS. DEMARC. DE LIMITES
http://www.scdp.gov.br;scdp.gov.br;SERVICO FEDERAL DE PROCESSAMENTO DE DADOS - SERPRO
http://www.scnet.gov.br;scnet.gov.br;CENTRO DE INFORMATICA E AUTOMACAO DO ESTADO DE SC
http://www.sdh.gov.br;sdh.gov.br;MINISTERIO DA JUSTICA
http://www.se.gov.br;se.gov.br;EMPRESA SERGIPANA DE TECNOLOGIA DA INFORMACAO
http://www.seade.gov.br;seade.gov.br;FUNDACAO SEADE SISTEMA ESTADUAL DE ANALISE DE DADO
http://www.seap.gov.br;seap.gov.br;MINISTERIO DA PESCA E AQUICULTURA
http://www.secgeral.gov.br;secgeral.gov.br;SECRETARIA-GERAL DA PRESIDENCIA DA REPUBLICA
http://www.secom.gov.br;secom.gov.br;SECRETARIA DE COMUNICA
http://www.secretaria-geral.gov.br;secretaria-geral.gov.br;SECRETARIA-GERAL DA PRESIDENCIA DA REPUBLICA
http://www.secretariageral.gov.br;secretariageral.gov.br;SECRETARIA-GERAL DA PRESIDENCIA DA REPUBLICA
http://www.sedh.gov.br;sedh.gov.br;MINISTERIO DA JUSTICA
http://www.selic.gov.br;selic.gov.br;BANCO CENTRAL DO BRASIL
http://www.seminariodefencil.gov.br;seminariodefencil.gov.br;MINISTERIO DA INTEGRACAO NACIONAL
http://www.sena.gov.br;sena.gov.br;CAIXA ECONOMICA FEDERAL
http://www.senad.gov.br;senad.gov.br;PRESIDENCIA DA REPUBLICA
http://www.senado.gov.br;senado.gov.br;SENADO FEDERAL
http://www.senador.gov.br;senador.gov.br;SENADO FEDERAL
http://www.senadora.gov.br;senadora.gov.br;SENADO FEDERAL
http://www.senasp.gov.br;senasp.gov.br;SECRETARIA NACIONAL DE SEGURANCA PUBLICA
http://www.separeolixo.gov.br;separeolixo.gov.br;MINISTERIO DO MEIO AMBIENTE
http://www.sepm.gov.br;sepm.gov.br;SECRETARIA ESPECIAL DE POLITICAS PARA AS MULHERES
http://www.seppir.gov.br;seppir.gov.br;SECRETARIA ESPECIAL DE POLITICAS DE PROMOCAO DA IG
http://www.serac4.gov.br;serac4.gov.br;MAER QUARTO SERVICO REGIONAL DE AVIACAO CIVIL
http://www.serpro.gov.br;serpro.gov.br;SERVICO FEDERAL DE PROCESSAMENTO DE DADOS - SERPRO
http://www.servicoflorestal.gov.br;servicoflorestal.gov.br;MINISTERIO DO MEIO AMBIENTE
http://www.servicos.gov.br;servicos.gov.br;MINISTERIO DO PLANEJAMENTO, ORCAMENTO E GESTAO
http://www.servidor.gov.br;servidor.gov.br;SECRETARIA DE ESTADO DA ADMINISTRACAO E PATRIMONIO
http://www.seti.gov.br;seti.gov.br;SECRETARIA DE ESTADO DA CIENCIA, TECNOLOGIA
http://www.sfb.gov.br;sfb.gov.br;MINISTERIO DO MEIO AMBIENTE
http://www.sg.gov.br;sg.gov.br;SECRETARIA-GERAL DA PRESIDENCIA DA REPUBLICA
http://www.sgi.gov.br;sgi.gov.br;MINISTERIO DO PLANEJAMENTO, ORCAMENTO E GESTAO
http://www.shoppingcaixa.gov.br;shoppingcaixa.gov.br;CAIXA ECONOMICA FEDERAL
http://www.siapenet.gov.br;siapenet.gov.br;SERVICO FEDERAL DE PROCESSAMENTO DE DADOS - SERPRO
http://www.siga.gov.br;siga.gov.br;SENADO FEDERAL
http://www.sigabrasil.gov.br;sigabrasil.gov.br;SENADO FEDERAL
http://www.sigepe.gov.br;sigepe.gov.br;MINISTERIO DO PLANEJAMENTO, ORCAMENTO E GESTAO
http://www.sigplan.gov.br;sigplan.gov.br;SECRETARIA DE ESTADO DA ADMINISTRACAO E PATRIMONIO
http://www.simecpr.gov.br;simecpr.gov.br;MINISTERIO DA EDUCACAO
http://www.sintegra.gov.br;sintegra.gov.br;SERVICO FEDERAL DE PROCESSAMENTO DE DADOS - SERPRO
http://www.siorg.gov.br;siorg.gov.br;MINISTERIO DO PLANEJAMENTO ORCAMENTO E GESTAO
http://www.sipam.gov.br;sipam.gov.br;CENTRO GESTOR E OP. SIST. DE PROTECAO DA AMAZONIA
http://www.sipia.gov.br;sipia.gov.br;SECRETARIA DE DIREITOS HUMANOS
http://www.sisbacen.gov.br;sisbacen.gov.br;BANCO CENTRAL DO BRASIL
http://www.sisbin.gov.br;sisbin.gov.br;AGENCIA BRASILEIRA DE INTELIGENCIA
http://www.siscomex.gov.br;siscomex.gov.br;SERVICO FEDERAL DE PROCESSAMENTO DE DADOS - SERPRO
http://www.sisp.gov.br;sisp.gov.br;MINISTERIO DO PLANEJAMENTO ORCAMENTO E GESTAO
http://www.sispac.gov.br;sispac.gov.br;MINISTERIO DO PLANEJAMENTO, ORCAMENTO E GESTAO
http://www.sitedoconsumidor.gov.br;sitedoconsumidor.gov.br;INMETRO-INS. NAC. DE METROLOG. QUALID. E TECNOLG.
http://www.sivam.gov.br;sivam.gov.br;COMISSAO DE IMPLANTACAO DO SISTEMA DE CONTROLE DO
http://www.sivnet.gov.br;sivnet.gov.br;INFRAERO - EMPRESA BRASILEIRA DE INFRA-ESTRUTURA
http://www.sjrs.gov.br;sjrs.gov.br;JUSTICA FEDERAL DE PRIMEIRO GRAU NO RS
http://www.snirh.gov.br;snirh.gov.br;AGENCIA NACIONAL DE AGUAS
http://www.snis.gov.br;snis.gov.br;MINISTERIO DAS CIDADES
http://www.socinfo.gov.br;socinfo.gov.br;INSTITUTO BRASILEIRO DE INFORMACAO EM C&T
http://www.softwarelivre.gov.br;softwarelivre.gov.br;SERVICO FEDERAL DE PROCESSAMENTO DE DADOS - SERPRO
http://www.softwarepublico.gov.br;softwarepublico.gov.br;SERVICO FEDERAL DE PROCESSAMENTO DE DADOS - SERPRO
http://www.solucoestipublica.gov.br;solucoestipublica.gov.br;SERVICO FEDERAL DE PROCESSAMENTO DE DADOS - SERPRO
http://www.sp-trt.gov.br;sp-trt.gov.br;TRIBUNAL REGIONAL DO TRABALHO DA 2 REGIAO
http://www.sp.gov.br;sp.gov.br;CIA PROC. DE DADOS DO ESTADO DE S PAULO - PRODESP
http://www.splp.gov.br;splp.gov.br;PRESIDENCIA DA REPUBLICA
http://www.spm.gov.br;spm.gov.br;SECRETARIA ESPECIAL DE POLITICAS PARA AS MULHERES
http://www.spmulheres.gov.br;spmulheres.gov.br;SECRETARIA ESPECIAL DE POLITICAS PARA AS MULHERES
http://www.sptrt.gov.br;sptrt.gov.br;TRIBUNAL REGIONAL DO TRABALHO DA 2 REGIAO 
http://www.sri.gov.br;sri.gov.br;SECRETARIA DE RELACOES INSTITUCIONAIS DA PRESIDENC
http://www.srpv-sp.gov.br;srpv-sp.gov.br;COMANDO DA AERONAUTICA - SRPV-SP
http://www.srpvsp.gov.br;srpvsp.gov.br;COMANDO DA AERONAUTICA - SRPV-SP
http://www.stf.gov.br;stf.gov.br;SUPREMO TRIBUNAL FEDERAL
http://www.sirc.gov.br;sirc.gov.br;DATAPREV EMPRESA DE PROC. DE DADOS DA PREVIDENCIA
http://www.soumaismedico.gov.br;soumaismedico.gov.br;EMPRESA BRASILEIRA DE SERVICOS HOSPITALARES
http://www.soumaismedicos.gov.br;soumaismedicos.gov.br;EMPRESA BRASILEIRA DE SERVICOS HOSPITALARES
http://www.segurancaquimica.gov.br;segurancaquimica.gov.br;MINISTERIO DO MEIO AMBIENTE
http://www.servir.gov.br;servir.gov.br;MINISTERIO DO PLANEJAMENTO, ORCAMENTO E GESTAO
http://www.sibbr.gov.br;sibbr.gov.br;LABORATORIO NACIONAL DE COMPUTACAO CIENTIFICA
http://www.sinir.gov.br;sinir.gov.br;MINISTERIO DO MEIO AMBIENTE
http://www.smpe.gov.br;smpe.gov.br;SECRETARIA DA MICRO E PEQUENA EMPRESA
http://www.simples.gov.br;simples.gov.br;SERVICO FEDERAL DE PROCESSAMENTO DE DADOS - SERPRO
http://www.tavbrasil.gov.br;tavbrasil.gov.br;AGENCIA NACIONAL DE TRANSPORTES TERRESTRES
http://www.tcu.gov.br;tcu.gov.br;TRIBUNAL DE CONTAS DA UNIAO
http://www.tecanet.gov.br;tecanet.gov.br;INFRAERO - EMPRESA BRASILEIRA DE INFRA-ESTRUTURA
http://www.tecnojusc.gov.br;tecnojusc.gov.br;TRIBUNAL REGIONAL DO TRABALHO 12 REGIAO
http://www.teimozinha.gov.br;teimozinha.gov.br;CAIXA ECONOMICA FEDERAL
http://www.telebrasilia.gov.br;telebrasilia.gov.br;TELEBRASILIA S.A.
http://www.teleceara.gov.br;teleceara.gov.br;TELE NORTE LESTE PARTICIPACOES S.A.
http://www.telepar.gov.br;telepar.gov.br;BRASIL TELECOM S.A.
http://www.telesc.gov.br;telesc.gov.br;BRASIL TELECOM S.A.
http://www.territoriosdacidadania.gov.br;territoriosdacidadania.gov.br;MINISTERIO DO DESENVOLVIMENTO AGRARIO
http://www.tesouro.gov.br;tesouro.gov.br;SECRETARIA DO TESOURO NACIONAL
http://www.tesourodireto.gov.br;tesourodireto.gov.br;SERVICO FEDERAL DE PROCESSAMENTO DE DADOS - SERPRO
http://www.ticontrole.gov.br;ticontrole.gov.br;CONTROLADORIA-GERAL DA UNIAO
http://www.tjap.gov.br;tjap.gov.br;TRIBUNAL DE JUSTICA DO ESTADO DO AMAPA
http://www.tjdf.gov.br;tjdf.gov.br;TRIBUNAL DE JUSTICA DO DISTRITO FEDERAL
http://www.tjdft.gov.br;tjdft.gov.br;TRIBUNAL DE JUSTICA DO DISTRITO FEDERAL
http://www.tjmg.gov.br;tjmg.gov.br;TRIBUNAL DE JUSTICA DO ESTADO DE MINAS GERAIS
http://www.tjpe.gov.br;tjpe.gov.br;TRIBUNAL DE JUSTICA DO ESTADO DE PERNAMBUCO
http://www.tjrn.gov.br;tjrn.gov.br;TRIBUNAL DE JUSTICA DO ESTADO DO RN
http://www.to.gov.br;to.gov.br;GOVERNO DO ESTADO DO TOCANTINS
http://www.topawa-kaa.gov.br;topawa-kaa.gov.br;CENTRAIS ELETRICAS DO NORTE DO BRASIL
http://www.torcidalegal.gov.br;torcidalegal.gov.br;ME - MINISTERIO DO ESPORTE
http://www.trabalho.gov.br;trabalho.gov.br;MINISTERIO DO TRABALHO E EMPREGO
http://www.transparencia.gov.br;transparencia.gov.br;CONTROLADORIA-GERAL DA UNIAO
http://www.transparencianacopa.gov.br;transparencianacopa.gov.br;SENADO FEDERAL
http://www.transparenciapublica.gov.br;transparenciapublica.gov.br;CONTROLADORIA-GERAL DA UNIAO
http://www.transportes.gov.br;transportes.gov.br;MINISTERIO DOS TRANSPORTES
http://www.tre-ac.gov.br;tre-ac.gov.br;TRIBUNAL REGIONAL ELEITORAL DO ACRE
http://www.tre-al.gov.br;tre-al.gov.br;TRIBUNAL REGIONAL ELEITORAL DE ALAGOAS
http://www.tre-am.gov.br;tre-am.gov.br;TRIBUNAL REGIONAL ELEITORAL DO AMAZONAS
http://www.tre-ap.gov.br;tre-ap.gov.br;TRIBUNAL REGIONAL ELEITORAL DO AMAPA
http://www.tre-ba.gov.br;tre-ba.gov.br;TRIBUNAL REGIONAL ELEITORAL DA BAHIA
http://www.tre-ce.gov.br;tre-ce.gov.br;TRIBUNAL REGIONAL ELEITORAL DO CEARA
http://www.tre-df.gov.br;tre-df.gov.br;TRIBUNAL REGIONAL ELEITORAL DO DISTRITO FEDERAL
http://www.tre-es.gov.br;tre-es.gov.br;TRIBUNAL REGIONAL ELEITORAL DO ESPRITO DO SANTO
http://www.tre-go.gov.br;tre-go.gov.br;TRIBUNAL REGIONAL ELEITORAL DO GOIAS
http://www.tre-ma.gov.br;tre-ma.gov.br;TRIBUNAL REGIONAL ELEITORAL DO MARANHAO
http://www.tre-mg.gov.br;tre-mg.gov.br;TRIBUNAL REGIONAL ELEITORAL DE MINAS GERAIS
http://www.tre-ms.gov.br;tre-ms.gov.br;TRIBUNAL REGIONAL ELEITORAL DE MS
http://www.tre-mt.gov.br;tre-mt.gov.br;TRIBUNAL REGIONAL ELEITORAL DE MATO GROSSO
http://www.tre-pa.gov.br;tre-pa.gov.br;TRIBUNAL REGIONAL ELEITORAL DO PARA
http://www.tre-pb.gov.br;tre-pb.gov.br;TRIBUNAL REGIONAL ELEITORAL DA PARA
http://www.tre-pe.gov.br;tre-pe.gov.br;TRIBUNAL REGIONAL ELEITORAL DO PERNAMBUCO
http://www.tre-pi.gov.br;tre-pi.gov.br;TRIBUNAL REGIONAL ELEITORAL DO PIAUI
http://www.tre-pr.gov.br;tre-pr.gov.br;TRIBUNAL REGIONAL ELEITORAL DO PARANA
http://www.tre-rj.gov.br;tre-rj.gov.br;TRIBUNAL REGIONAL ELEITORAL DO RIO DE JANEIRO
http://www.tre-rn.gov.br;tre-rn.gov.br;TRIBUNAL REGIONAL ELEITORAL DO RIO GRANDE DO NORTE
http://www.tre-ro.gov.br;tre-ro.gov.br;TRIBUNAL REGIONAL ELEITORAL DE RONDONIA
http://www.tre-rr.gov.br;tre-rr.gov.br;TRIBUNAL REGIONAL ELEITORAL DE RORAIMA
http://www.tre-rs.gov.br;tre-rs.gov.br;TRIBUNAL REGIONAL ELEITORAL DO RIO GRANDE DO SUL
http://www.tre-sc.gov.br;tre-sc.gov.br;TRIBUNAL REGIONAL ELEITORAL DE SANTA CATARINA
http://www.tre-se.gov.br;tre-se.gov.br;TRIBUNAL REGIONAL ELEITORAL DE SERGIPE
http://www.tre-sp.gov.br;tre-sp.gov.br;TRIBUNAL REGIONAL ELEITORAL DE SAO PAULO
http://www.tre-to.gov.br;tre-to.gov.br;TRIBUNAL REGIONAL ELEITORAL DO TOCANTINS
http://www.trensurb.gov.br;trensurb.gov.br;MINISTERIO DOS TRANSPORTES
http://www.trevodaloteria.gov.br;trevodaloteria.gov.br;CAIXA ECONOMICA FEDERAL
http://www.trevodasorte.gov.br;trevodasorte.gov.br;CAIXA ECONOMICA FEDERAL
http://www.trevofederal.gov.br;trevofederal.gov.br;CAIXA ECONOMICA FEDERAL
http://www.trf1.gov.br;trf1.gov.br;TRIBUNAL REGIONAL FEDERAL DA 1A REGIAO
http://www.trf2.gov.br;trf2.gov.br;TRIBUNAL REGIONAL FEDERAL DA 2A. REGIAO
http://www.trf3.gov.br;trf3.gov.br;TRIBUNAL REGIONAL FEDERAL DA TERCEIRA REGIAO
http://www.trf4.gov.br;trf4.gov.br;TRIBUNAL REGIONAL FEDERAL DA 4 REGIAO
http://www.trf5.gov.br;trf5.gov.br;TRIBUNAL REGIONAL FEDERAL
http://www.tribunaiscplp.gov.br;tribunaiscplp.gov.br;TRIBUNAL DE CONTAS DA UNIAO
http://www.tribunaisdotrabalho.gov.br;tribunaisdotrabalho.gov.br;TRIBUNAL SUPERIOR DO TRABALHO
http://www.trinca.gov.br;trinca.gov.br;CAIXA ECONOMICA FEDERAL
http://www.trincadasorte.gov.br;trincadasorte.gov.br;CAIXA ECONOMICA FEDERAL
http://www.trinka.gov.br;trinka.gov.br;CAIXA ECONOMICA FEDERAL
http://www.trt-02.gov.br;trt-02.gov.br;TRIBUNAL REGIONAL DO TRABALHO DA 2 REGIAO
http://www.trt-ma.gov.br;trt-ma.gov.br;TRIBUNAL REGIONAL DO TRABALHO DA 16A. REGIAO
http://www.trt-pe.gov.br;trt-pe.gov.br;TRIBUNAL REGIONAL DO TRABALHO DA 6A. REGIAO
http://www.trt-sp.gov.br;trt-sp.gov.br;TRIBUNAL REGIONAL DO TRABALHO DA 2 REGIAO
http://www.trt.gov.br;trt.gov.br;TRIBUNAL REGIONAL DO TRABALHO DA 3A REGIAO
http://www.trt01.gov.br;trt01.gov.br;TRIBUNAL REGIONAL DO TRABALHO DA 1A REGIAO
http://www.trt02.gov.br;trt02.gov.br;TRIBUNAL REGIONAL DO TRABALHO DA 2 REGIAO
http://www.turismo.gov.br;turismo.gov.br;EMBRATUR INSTITUTO BRASILEIRO DE TURISMO
http://www.turismobrasil.gov.br;turismobrasil.gov.br;EMBRATUR INSTITUTO BRASILEIRO DE TURISMO
http://www.tvjustica.gov.br;tvjustica.gov.br;SUPREMO TRIBUNAL FEDERAL
http://www.tradepromotion.gov.br;tradepromotion.gov.br;MIN. RELACOES EXTERIORES DEPTO PROMOCAO COMERCIAL
http://www.tradeandinvestment.gov.br;tradeandinvestment.gov.br;MIN. RELACOES EXTERIORES DEPTO PROMOCAO COMERCIAL
http://www.traficodepessoas.gov.br;traficodepessoas.gov.br;MINISTERIO DA JUSTICA
http://www.uca.gov.br;uca.gov.br;SERVICO FEDERAL DE PROCESSAMENTO DE DADOS - SERPRO
http://www.unijus.gov.br;unijus.gov.br;SUPERIOR TRIBUNAL DE JUSTICA
http://www.unasus.gov.br;unasus.gov.br;FUNDACAO OSWALDO CRUZ
http://www.valec.gov.br;valec.gov.br;VALEC - ENGENHARIA, CONSTRUCOES E FERROVIAS S.A.
http://www.varadafazenda.gov.br;varadafazenda.gov.br;SUPERIOR TRIBUNAL DE JUSTICA
http://www.venturecapital.gov.br;venturecapital.gov.br;FINACIADORA DE ESTUDOS E PROJETOS
http://www.veracruz-rs.gov.br;veracruz-rs.gov.br;VERA CRUZ PREFEITURA MUNICIPAL
http://www.vice-presidencia.gov.br;vice-presidencia.gov.br;VICE PRESIDENCIA DA REPUBLICA
http://www.vicepresidenciadarepublica.gov.br;vicepresidenciadarepublica.gov.br;VICE PRESIDENCIA DA REPUBLICA
http://www.vidaedinheiro.gov.br;vidaedinheiro.gov.br;CVM - COMISSAO DE VALORES MOBILIARIOS
http://www.vigilanciasanitaria.gov.br;vigilanciasanitaria.gov.br;AGENCIA NACIONAL DE VIGILANCIA SANITARIA
http://www.vitrinedoexportador.gov.br;vitrinedoexportador.gov.br;MINISTERIO DO DESENVOLVIMENTO INDUSTRIA E COMERCIO
http://www.vivaleitura.gov.br;vivaleitura.gov.br;MINISTERIO DA CULTURA
http://www.vls.gov.br;vls.gov.br;AGENCIA ESPACIAL BRASILEIRA
http://www.viversemlimite.gov.br;viversemlimite.gov.br;PRESIDENCIA DA REPUBLICA - SDH
http://www.voluntariado.gov.br;voluntariado.gov.br;MINISTERIO DO ESPORTE
http://www.versionamento.gov.br;versionamento.gov.br;MINISTERIO DO PLANEJAMENTO, ORCAMENTO E GESTAO
http://www.viajamais.gov.br;viajamais.gov.br;MINISTERIO DO TURISMO
http://www.vispublica.gov.br;vispublica.gov.br;MINISTERIO DO PLANEJAMENTO, ORCAMENTO E GESTAO
http://www.viibra.gov.br;viibra.gov.br;SENADO FEDERAL
http://www.wikilegis.gov.br;wikilegis.gov.br;CAMARA DOS DEPUTADOS
http://www.worldcup2014.gov.br;worldcup2014.gov.br;ME - MINISTERIO DO ESPORTE
http://www.xn--assistnciasocial-xqb.gov.br;xn--assistnciasocial-xqb.gov.br;DATAPREV DF
http://www.xn--certidodenascimento-0vb.gov.br;xn--certidodenascimento-0vb.gov.br;SECRETARIA DE DIREITOS HUMANOS
http://www.xn--oramentofederal-fmb.gov.br;xn--oramentofederal-fmb.gov.br;SERVICO FEDERAL DE PROCESSAMENTO DE DADOS - SERPRO
http://www.xn--previdncia-r7a.gov.br;xn--previdncia-r7a.gov.br;DATAPREV EMPRESA DE PROC. DE DADOS DA PREVIDENCIA
http://www.xn--previdnciasocial-xqb.gov.br;xn--previdnciasocial-xqb.gov.br;DATAPREV DF
http://www.xn--guiadeservios-sgb.gov.br;xn--guiadeservios-sgb.gov.br;MINISTERIO DO PLANEJAMENTO, ORCAMENTO E GESTAO
http://www.xn--notcias-9ya.gov.br;xn--notcias-9ya.gov.br;MINISTERIO DO PLANEJAMENTO, ORCAMENTO E GESTAO
http://www.xn--servios-yxa.gov.br;xn--servios-yxa.gov.br;MINISTERIO DO PLANEJAMENTO, ORCAMENTO E GESTAO;
